<?xml version="1.0" encoding="UTF-8"?>
<beans xmlns="http://www.springframework.org/schema/beans"
	xmlns:xsi="http://www.w3.org/2001/XMLSchema-instance"
	xsi:schemaLocation="http://www.springframework.org/schema/beans http://www.springframework.org/schema/beans/spring-beans.xsd">

	<bean id="authorizationService" class="edu.emory.cci.bindaas.authz.rest.AuthorizationService">
		<property name="proxy" ref="wso2Proxy"></property>
	</bean>

	

	<bean id="wso2Proxy" class="edu.emory.cci.bindaas.authz.wso2.EnforcementPointProxy" init-method="init">
		<property name="username" value="testldap01"></property>
		<property name="password" value="tldapz55"></property>
		<property name="serverUrl" value="https://localhost:9443"></property>
	</bean>
</beans>
