UMLClass,UMLEntity,UMLDescription,ConceptName,ConceptPreferredName,Classification,ConceptCode,ConceptDefinition,ConceptDefinitionSource,ModifiedDate,HumanVerified
Logical View.Data Model.Logical Model.gov.nih.nci.ivi.bdt.DataLocation,Logical View.Data Model.Logical Model.gov.nih.nci.ivi.bdt.DataLocation,This class is the same as the DataLocation class from the BDT UML model.  The attributes of the BDT DataLocation class are not replicated here.  This class identifies or stores the binary data that needs to be transported.,Data,Data,ObjectClass,C25474,"A collection or single item of factual information, derived from measurement or research, from which conclusions may be drawn.",NCI,,1
Logical View.Data Model.Logical Model.gov.nih.nci.ivi.bdt.DataLocation,Logical View.Data Model.Logical Model.gov.nih.nci.ivi.bdt.DataLocation,This class is the same as the DataLocation class from the BDT UML model.  The attributes of the BDT DataLocation class are not replicated here.  This class identifies or stores the binary data that needs to be transported.,Location,Location,ObjectClassQualifier1,C25341,"A position, site, or point in space where something can be found.",NCI,,1
Logical View.Data Model.Logical Model.gov.nih.nci.ivi.bdt.dsd.Package,Logical View.Data Model.Logical Model.gov.nih.nci.ivi.bdt.dsd.Package,Represents a service package,Package,Package,ObjectClass,C54192,Written programs or procedures or rules and associated documentation pertaining to the operation of a computer system and that are stored in read/write memory.,NCI,,1
Logical View.Data Model.Logical Model.gov.nih.nci.ivi.bdt.dsd.Package,Logical View.Data Model.Logical Model.gov.nih.nci.ivi.bdt.dsd.Package,Represents a service package,Grid Service,Grid Service,ObjectClassQualifier1,C63541,"A service available on a network infrastructure that coordinates resources that are not subject to central control, using open, general purpose protocols and interfaces to deliver nontrivial qualities of services.",NCI,,1
Logical View.Data Model.Logical Model.gov.nih.nci.ivi.bdt.dsd.Package,identifier,the identifier of the package,Identifier,Identifier,Property,C25364,"One or more characters used to identify, name, or characterize the nature, properties, or contents of a thing.",NCI,,1
Logical View.Data Model.Logical Model.gov.nih.nci.ivi.bdt.dsd.Package,majorVersion,the major version number of the package,Number,Number,Property,C25337,"A numeral or string of numerals expressing value, quantity, or identification.",NCI,,1
Logical View.Data Model.Logical Model.gov.nih.nci.ivi.bdt.dsd.Package,majorVersion,the major version number of the package,Version,Version,PropertyQualifier1,C25714,"A form or variant of a type or original; one of a sequence of copies of a program, each incorporating new modifications.",NCI,,1
Logical View.Data Model.Logical Model.gov.nih.nci.ivi.bdt.dsd.Package,majorVersion,the major version number of the package,Major,Major,PropertyQualifier2,C45368,"Greater or bigger in amount, extent, or size.",NCI,,1
Logical View.Data Model.Logical Model.gov.nih.nci.ivi.bdt.dsd.Package,minorVersion,the minor version number of the pacakge,Number,Number,Property,C25337,"A numeral or string of numerals expressing value, quantity, or identification.",NCI,,1
Logical View.Data Model.Logical Model.gov.nih.nci.ivi.bdt.dsd.Package,minorVersion,the minor version number of the pacakge,Version,Version,PropertyQualifier1,C25714,"A form or variant of a type or original; one of a sequence of copies of a program, each incorporating new modifications.",NCI,,1
Logical View.Data Model.Logical Model.gov.nih.nci.ivi.bdt.dsd.Package,minorVersion,the minor version number of the pacakge,Minor,Minor,PropertyQualifier2,C45367,"Lesser or smaller in amount, extent, or size.",NCI,,1
Logical View.Data Model.Logical Model.gov.nih.nci.ivi.bdt.dsd.Package,name,the name of the package,Name,Name,Property,C42614,The words or language units by which a thing is known.,NCI,,1
Logical View.Data Model.Logical Model.gov.nih.nci.ivi.bdt.dsd.ContainerInfo,Logical View.Data Model.Logical Model.gov.nih.nci.ivi.bdt.dsd.ContainerInfo,Represents information about the grid service container,Information,Information,ObjectClass,C48191,"Knowledge derived from study, experience, or instruction that has been gathered or received by communication.",NCI,,1
Logical View.Data Model.Logical Model.gov.nih.nci.ivi.bdt.dsd.ContainerInfo,Logical View.Data Model.Logical Model.gov.nih.nci.ivi.bdt.dsd.ContainerInfo,Represents information about the grid service container,Container,Container,ObjectClassQualifier1,C43186,An object that can be used to hold things.,NCI,,1
Logical View.Data Model.Logical Model.gov.nih.nci.ivi.bdt.dsd.ContainerInfo,Logical View.Data Model.Logical Model.gov.nih.nci.ivi.bdt.dsd.ContainerInfo,Represents information about the grid service container,Grid Service,Grid Service,ObjectClassQualifier2,C63541,"A service available on a network infrastructure that coordinates resources that are not subject to central control, using open, general purpose protocols and interfaces to deliver nontrivial qualities of services.",NCI,,1
Logical View.Data Model.Logical Model.gov.nih.nci.ivi.bdt.dsd.ContainerInfo,cpuBits,number of maximum bits for CPU,Central Processing Unit,Central Processing Unit,Property,C50332,"The part of a computer which controls all the other parts. Designs vary widely but, in general, the CPU consists of the control unit, the arithmetic and logic unit (ALU) and memory (registers, cache, RAM and ROM) as well as various temporary buffers and other logic.",NCI,,1
Logical View.Data Model.Logical Model.gov.nih.nci.ivi.bdt.dsd.ContainerInfo,cpuBits,number of maximum bits for CPU,Bit,Bit,PropertyQualifier1,C63625,"A binary digit, the smallest unit of storage.",NCI,,1
Logical View.Data Model.Logical Model.gov.nih.nci.ivi.bdt.dsd.ContainerInfo,cpuBits,number of maximum bits for CPU,Maximum,Maximum,PropertyQualifier2,C25564,The largest possible quantity or degree.,NCI,,1
Logical View.Data Model.Logical Model.gov.nih.nci.ivi.bdt.dsd.ContainerInfo,cpuCacheSizeInKB,the cache size of the cpu,Size,Size,Property,C25681,The physical magnitude of something.,NCI,,1
Logical View.Data Model.Logical Model.gov.nih.nci.ivi.bdt.dsd.ContainerInfo,cpuCacheSizeInKB,the cache size of the cpu,Cache,Cache,PropertyQualifier1,C63626,RAM memory that is set aside as a specialized buffer storage that is continually updated; used to optimize data transfers between system elements with different characteristics.,NCI,,1
Logical View.Data Model.Logical Model.gov.nih.nci.ivi.bdt.dsd.ContainerInfo,cpuCacheSizeInKB,the cache size of the cpu,Central Processing Unit,Central Processing Unit,PropertyQualifier2,C50332,"The part of a computer which controls all the other parts. Designs vary widely but, in general, the CPU consists of the control unit, the arithmetic and logic unit (ALU) and memory (registers, cache, RAM and ROM) as well as various temporary buffers and other logic.",NCI,,1
Logical View.Data Model.Logical Model.gov.nih.nci.ivi.bdt.dsd.ContainerInfo,cpuCacheSizeInKB,the cache size of the cpu,Byte,Byte,PropertyQualifier3,C48047,A sequence of 8 bits processed as a single unit of information.,NCI,,1
Logical View.Data Model.Logical Model.gov.nih.nci.ivi.bdt.dsd.ContainerInfo,cpuCacheSizeInKB,the cache size of the cpu,Kilo,Kilo,PropertyQualifier4,C48436,"A prefix indicating a quantity of one thousand, 10E3.",NCI,,1
Logical View.Data Model.Logical Model.gov.nih.nci.ivi.bdt.dsd.ContainerInfo,cpuClockRateInMHz,CPU's clock rate in MHz,Clock Speed,Clock Speed,Property,C63627,The fundamental rate in cycles per second at which a computer performs its most basic operations such as adding two numbers or transfering a value from one register to another.,NCI,,1
Logical View.Data Model.Logical Model.gov.nih.nci.ivi.bdt.dsd.ContainerInfo,cpuClockRateInMHz,CPU's clock rate in MHz,Central Processing Unit,Central Processing Unit,PropertyQualifier1,C50332,"The part of a computer which controls all the other parts. Designs vary widely but, in general, the CPU consists of the control unit, the arithmetic and logic unit (ALU) and memory (registers, cache, RAM and ROM) as well as various temporary buffers and other logic.",NCI,,1
Logical View.Data Model.Logical Model.gov.nih.nci.ivi.bdt.dsd.ContainerInfo,cpuClockRateInMHz,CPU's clock rate in MHz,Hertz,Hertz,PropertyQualifier2,C42545,The SI derived unit of frequency; equal to one oscillation per second.,NCI,,1
Logical View.Data Model.Logical Model.gov.nih.nci.ivi.bdt.dsd.ContainerInfo,cpuClockRateInMHz,CPU's clock rate in MHz,Mega,Mega,PropertyQualifier3,C54653,"A prefix indicating a quantity of one million, 10E6.",NCI,,1
Logical View.Data Model.Logical Model.gov.nih.nci.ivi.bdt.dsd.ContainerInfo,cpuCoreCount,the number of cores in a CPU,Count,Count,Property,C25463,To determine the number or amount of something; the result of this activity.,NCI,,1
Logical View.Data Model.Logical Model.gov.nih.nci.ivi.bdt.dsd.ContainerInfo,cpuCoreCount,the number of cores in a CPU,Processor Core,Processor Core,PropertyQualifier1,C64194,"An integrated circuit design, usually for a microprocessor, which includes only the CPU and which is intended to form part of a complete circuit design which incorporates other circuits on the same chip such as cache, memory management unit, I/O ports and timers.",NCI,,1
Logical View.Data Model.Logical Model.gov.nih.nci.ivi.bdt.dsd.ContainerInfo,cpuCoreCount,the number of cores in a CPU,Central Processing Unit,Central Processing Unit,PropertyQualifier2,C50332,"The part of a computer which controls all the other parts. Designs vary widely but, in general, the CPU consists of the control unit, the arithmetic and logic unit (ALU) and memory (registers, cache, RAM and ROM) as well as various temporary buffers and other logic.",NCI,,1
Logical View.Data Model.Logical Model.gov.nih.nci.ivi.bdt.dsd.ContainerInfo,cpuCount,"The number of CPUs in system, each CPU is one chip",Count,Count,Property,C25463,To determine the number or amount of something; the result of this activity.,NCI,,1
Logical View.Data Model.Logical Model.gov.nih.nci.ivi.bdt.dsd.ContainerInfo,cpuCount,"The number of CPUs in system, each CPU is one chip",Central Processing Unit,Central Processing Unit,PropertyQualifier1,C50332,"The part of a computer which controls all the other parts. Designs vary widely but, in general, the CPU consists of the control unit, the arithmetic and logic unit (ALU) and memory (registers, cache, RAM and ROM) as well as various temporary buffers and other logic.",NCI,,1
Logical View.Data Model.Logical Model.gov.nih.nci.ivi.bdt.dsd.ContainerInfo,cpuManufacturer,the manufacturer of the cpu,Manufacturer,Manufacturer,Property,C53616,"Manufacturer means any person who manufactures, prepares, propagates, compounds, assembles, or processes a device by chemical, physical, biological, or other procedure.",NCI,,1
Logical View.Data Model.Logical Model.gov.nih.nci.ivi.bdt.dsd.ContainerInfo,cpuManufacturer,the manufacturer of the cpu,Central Processing Unit,Central Processing Unit,PropertyQualifier1,C50332,"The part of a computer which controls all the other parts. Designs vary widely but, in general, the CPU consists of the control unit, the arithmetic and logic unit (ALU) and memory (registers, cache, RAM and ROM) as well as various temporary buffers and other logic.",NCI,,1
Logical View.Data Model.Logical Model.gov.nih.nci.ivi.bdt.dsd.ContainerInfo,cpuMaxSSELevel,the highest SSE or 3DNow level supported by the CPU,Rate,Rate,Property,C25636,"A measurement of degree, speed, or frequency relative to time.",NCI,,1
Logical View.Data Model.Logical Model.gov.nih.nci.ivi.bdt.dsd.ContainerInfo,cpuMaxSSELevel,the highest SSE or 3DNow level supported by the CPU,Maximum,Maximum,PropertyQualifier1,C25564,The largest possible quantity or degree.,NCI,,1
Logical View.Data Model.Logical Model.gov.nih.nci.ivi.bdt.dsd.ContainerInfo,cpuMaxSSELevel,the highest SSE or 3DNow level supported by the CPU,Streaming SIMD Extensions,Streaming SIMD Extensions,PropertyQualifier2,C64195,A central controller which broadcasts an instruction stream to all the processing elements.,NCI,,1
Logical View.Data Model.Logical Model.gov.nih.nci.ivi.bdt.dsd.ContainerInfo,cpuMaxSSELevel,the highest SSE or 3DNow level supported by the CPU,Central Processing Unit,Central Processing Unit,PropertyQualifier3,C50332,"The part of a computer which controls all the other parts. Designs vary widely but, in general, the CPU consists of the control unit, the arithmetic and logic unit (ALU) and memory (registers, cache, RAM and ROM) as well as various temporary buffers and other logic.",NCI,,1
Logical View.Data Model.Logical Model.gov.nih.nci.ivi.bdt.dsd.ContainerInfo,cpuModel,"the model of the CPU (family, model, stepping, etc)",Model,Model,Property,C43383,A style or design of an item.,NCI,,1
Logical View.Data Model.Logical Model.gov.nih.nci.ivi.bdt.dsd.ContainerInfo,cpuModel,"the model of the CPU (family, model, stepping, etc)",Central Processing Unit,Central Processing Unit,PropertyQualifier1,C50332,"The part of a computer which controls all the other parts. Designs vary widely but, in general, the CPU consists of the control unit, the arithmetic and logic unit (ALU) and memory (registers, cache, RAM and ROM) as well as various temporary buffers and other logic.",NCI,,1
Logical View.Data Model.Logical Model.gov.nih.nci.ivi.bdt.dsd.ContainerInfo,diskFreeSpaceInMB,the amount of free space on disk,Space,Space,Property,C63629,An empty area; an area set apart or available for use.,NCI,,1
Logical View.Data Model.Logical Model.gov.nih.nci.ivi.bdt.dsd.ContainerInfo,diskFreeSpaceInMB,the amount of free space on disk,Empty,Empty,PropertyQualifier1,C63628,Holding or containing nothing.,NCI,,1
Logical View.Data Model.Logical Model.gov.nih.nci.ivi.bdt.dsd.ContainerInfo,diskFreeSpaceInMB,the amount of free space on disk,Memory Device Component,Memory Device Component,PropertyQualifier2,C50047,Any device that can hold data in machine-readable format.,NCI,,1
Logical View.Data Model.Logical Model.gov.nih.nci.ivi.bdt.dsd.ContainerInfo,diskFreeSpaceInMB,the amount of free space on disk,Byte,Byte,PropertyQualifier3,C48047,A sequence of 8 bits processed as a single unit of information.,NCI,,1
Logical View.Data Model.Logical Model.gov.nih.nci.ivi.bdt.dsd.ContainerInfo,diskFreeSpaceInMB,the amount of free space on disk,Mega,Mega,PropertyQualifier4,C54653,"A prefix indicating a quantity of one million, 10E6.",NCI,,1
Logical View.Data Model.Logical Model.gov.nih.nci.ivi.bdt.dsd.ContainerInfo,gpuClockRateInMHz,the clock rate of the gpu,Clock Speed,Clock Speed,Property,C63627,The fundamental rate in cycles per second at which a computer performs its most basic operations such as adding two numbers or transfering a value from one register to another.,NCI,,1
Logical View.Data Model.Logical Model.gov.nih.nci.ivi.bdt.dsd.ContainerInfo,gpuClockRateInMHz,the clock rate of the gpu,Hertz,Hertz,PropertyQualifier1,C42545,The SI derived unit of frequency; equal to one oscillation per second.,NCI,,1
Logical View.Data Model.Logical Model.gov.nih.nci.ivi.bdt.dsd.ContainerInfo,gpuClockRateInMHz,the clock rate of the gpu,Mega,Mega,PropertyQualifier2,C54653,"A prefix indicating a quantity of one million, 10E6.",NCI,,1
Logical View.Data Model.Logical Model.gov.nih.nci.ivi.bdt.dsd.ContainerInfo,gpuClockRateInMHz,the clock rate of the gpu,Graphics Processing Unit,Graphics Processing Unit,PropertyQualifier3,C64196,A microprocessor specifically designed for processing 3D graphics data.,NCI,,1
Logical View.Data Model.Logical Model.gov.nih.nci.ivi.bdt.dsd.ContainerInfo,gpuCount,the number of GPUs in the system,Count,Count,Property,C25463,To determine the number or amount of something; the result of this activity.,NCI,,1
Logical View.Data Model.Logical Model.gov.nih.nci.ivi.bdt.dsd.ContainerInfo,gpuCount,the number of GPUs in the system,Graphics Processing Unit,Graphics Processing Unit,PropertyQualifier1,C64196,A microprocessor specifically designed for processing 3D graphics data.,NCI,,1
Logical View.Data Model.Logical Model.gov.nih.nci.ivi.bdt.dsd.ContainerInfo,gpuInterconnectType,"the type of bus used by the graphics card - AGP, PCI, PCI-e",Type,Type,Property,C25284,Something distinguishable as an identifiable class based on common qualities.,NCI,,1
Logical View.Data Model.Logical Model.gov.nih.nci.ivi.bdt.dsd.ContainerInfo,gpuInterconnectType,"the type of bus used by the graphics card - AGP, PCI, PCI-e",Bus,Bus,PropertyQualifier1,C63633,"Any of the sets of conductors (wires, PCB tracks or connections in an integrated circuit) connecting the various functional units in a computer.",NCI,,1
Logical View.Data Model.Logical Model.gov.nih.nci.ivi.bdt.dsd.ContainerInfo,gpuManufacturer,the manufacturer of hte memory,Manufacturer,Manufacturer,Property,C53616,"Manufacturer means any person who manufactures, prepares, propagates, compounds, assembles, or processes a device by chemical, physical, biological, or other procedure.",NCI,,1
Logical View.Data Model.Logical Model.gov.nih.nci.ivi.bdt.dsd.ContainerInfo,gpuManufacturer,the manufacturer of hte memory,Graphics Processing Unit,Graphics Processing Unit,PropertyQualifier1,C64196,A microprocessor specifically designed for processing 3D graphics data.,NCI,,1
Logical View.Data Model.Logical Model.gov.nih.nci.ivi.bdt.dsd.ContainerInfo,gpuMemorySizeInMB,the size of the graphics memory,Size,Size,Property,C25681,The physical magnitude of something.,NCI,,1
Logical View.Data Model.Logical Model.gov.nih.nci.ivi.bdt.dsd.ContainerInfo,gpuMemorySizeInMB,the size of the graphics memory,Memory Device Component,Memory Device Component,PropertyQualifier1,C50047,Any device that can hold data in machine-readable format.,NCI,,1
Logical View.Data Model.Logical Model.gov.nih.nci.ivi.bdt.dsd.ContainerInfo,gpuMemorySizeInMB,the size of the graphics memory,Byte,Byte,PropertyQualifier2,C48047,A sequence of 8 bits processed as a single unit of information.,NCI,,1
Logical View.Data Model.Logical Model.gov.nih.nci.ivi.bdt.dsd.ContainerInfo,gpuMemorySizeInMB,the size of the graphics memory,Mega,Mega,PropertyQualifier3,C54653,"A prefix indicating a quantity of one million, 10E6.",NCI,,1
Logical View.Data Model.Logical Model.gov.nih.nci.ivi.bdt.dsd.ContainerInfo,gpuMemorySizeInMB,the size of the graphics memory,Graphics Processing Unit,Graphics Processing Unit,PropertyQualifier4,C64196,A microprocessor specifically designed for processing 3D graphics data.,NCI,,1
Logical View.Data Model.Logical Model.gov.nih.nci.ivi.bdt.dsd.ContainerInfo,gpuModel,"the model name of the gpu (nv40, etc)",Model,Model,Property,C43383,A style or design of an item.,NCI,,1
Logical View.Data Model.Logical Model.gov.nih.nci.ivi.bdt.dsd.ContainerInfo,gpuModel,"the model name of the gpu (nv40, etc)",Graphics Processing Unit,Graphics Processing Unit,PropertyQualifier1,C64196,A microprocessor specifically designed for processing 3D graphics data.,NCI,,1
Logical View.Data Model.Logical Model.gov.nih.nci.ivi.bdt.dsd.ContainerInfo,kernelVersion,the version of the os kernel,Version,Version,Property,C25714,"A form or variant of a type or original; one of a sequence of copies of a program, each incorporating new modifications.",NCI,,1
Logical View.Data Model.Logical Model.gov.nih.nci.ivi.bdt.dsd.ContainerInfo,kernelVersion,the version of the os kernel,Kernel,Kernel,PropertyQualifier1,C63630,"The central module of an operating systems, responsible for memory management, disk management, and process and task management.",NCI,,1
Logical View.Data Model.Logical Model.gov.nih.nci.ivi.bdt.dsd.ContainerInfo,memorySizeInMB,the amount of physical system memory,Size,Size,Property,C25681,The physical magnitude of something.,NCI,,1
Logical View.Data Model.Logical Model.gov.nih.nci.ivi.bdt.dsd.ContainerInfo,memorySizeInMB,the amount of physical system memory,Memory Device Component,Memory Device Component,PropertyQualifier1,C50047,Any device that can hold data in machine-readable format.,NCI,,1
Logical View.Data Model.Logical Model.gov.nih.nci.ivi.bdt.dsd.ContainerInfo,memorySizeInMB,the amount of physical system memory,Byte,Byte,PropertyQualifier2,C48047,A sequence of 8 bits processed as a single unit of information.,NCI,,1
Logical View.Data Model.Logical Model.gov.nih.nci.ivi.bdt.dsd.ContainerInfo,memorySizeInMB,the amount of physical system memory,Mega,Mega,PropertyQualifier3,C54653,"A prefix indicating a quantity of one million, 10E6.",NCI,,1
Logical View.Data Model.Logical Model.gov.nih.nci.ivi.bdt.dsd.ContainerInfo,osBit,the OS' number of bits,Number,Number,Property,C25337,"A numeral or string of numerals expressing value, quantity, or identification.",NCI,,1
Logical View.Data Model.Logical Model.gov.nih.nci.ivi.bdt.dsd.ContainerInfo,osBit,the OS' number of bits,Bit,Bit,PropertyQualifier1,C63625,"A binary digit, the smallest unit of storage.",NCI,,1
Logical View.Data Model.Logical Model.gov.nih.nci.ivi.bdt.dsd.ContainerInfo,osBit,the OS' number of bits,Operating System,Operating System,PropertyQualifier2,C47908,"The low-level software which handles the interface to peripheral hardware, schedules tasks, allocates storage, and presents a default interface to the user when no application program is running.",NCI,,1
Logical View.Data Model.Logical Model.gov.nih.nci.ivi.bdt.dsd.ContainerInfo,osFamily,"the family of the operating system (windows, darwin, linux, cygwin, etc)",Type,Type,Property,C25284,Something distinguishable as an identifiable class based on common qualities.,NCI,,1
Logical View.Data Model.Logical Model.gov.nih.nci.ivi.bdt.dsd.ContainerInfo,osFamily,"the family of the operating system (windows, darwin, linux, cygwin, etc)",Operating System,Operating System,PropertyQualifier1,C47908,"The low-level software which handles the interface to peripheral hardware, schedules tasks, allocates storage, and presents a default interface to the user when no application program is running.",NCI,,1
Logical View.Data Model.Logical Model.gov.nih.nci.ivi.bdt.dsd.ContainerInfo,osManufacturer,"the manufacturer of the os (microsoft, redhat, etc)",Manufacturer,Manufacturer,Property,C25392,"A person, an enterprise, or an entity that produces finished goods.",NCI,,1
Logical View.Data Model.Logical Model.gov.nih.nci.ivi.bdt.dsd.ContainerInfo,osManufacturer,"the manufacturer of the os (microsoft, redhat, etc)",Operating System,Operating System,PropertyQualifier1,C47908,"The low-level software which handles the interface to peripheral hardware, schedules tasks, allocates storage, and presents a default interface to the user when no application program is running.",NCI,,1
Logical View.Data Model.Logical Model.gov.nih.nci.ivi.bdt.dsd.ContainerInfo,osVersion,the version ofthe operating system,Version,Version,Property,C25714,"A form or variant of a type or original; one of a sequence of copies of a program, each incorporating new modifications.",NCI,,1
Logical View.Data Model.Logical Model.gov.nih.nci.ivi.bdt.dsd.ContainerInfo,osVersion,the version ofthe operating system,Operating System,Operating System,PropertyQualifier1,C47908,"The low-level software which handles the interface to peripheral hardware, schedules tasks, allocates storage, and presents a default interface to the user when no application program is running.",NCI,,1
Logical View.Data Model.Logical Model.gov.nih.nci.ivi.bdt.dsd.ContainerInfo,secureFlag,whether the container is secure or not,Flag,Flag,Property,C43578,An indicator that can be set or unset in order to signal whether a particular condition is true.,NCI,,1
Logical View.Data Model.Logical Model.gov.nih.nci.ivi.bdt.dsd.ContainerInfo,secureFlag,whether the container is secure or not,Security,Security,PropertyQualifier1,C25669,"Services provided to prevent, deter, detect and/or document crime, fire, disorder or violations of company rules.",NCI,,1
Logical View.Data Model.Logical Model.gov.nih.nci.ivi.bdt.dsd.ContainerInfo,type,"the type of the container - globus, apache, etc",Type,Type,Property,C25284,Something distinguishable as an identifiable class based on common qualities.,NCI,,1
Logical View.Data Model.Logical Model.gov.nih.nci.ivi.bdt.dsd.ContainerInfo,version,the version of the container,Version,Version,Property,C25714,"A form or variant of a type or original; one of a sequence of copies of a program, each incorporating new modifications.",NCI,,1
Logical View.Data Model.Logical Model.gov.nih.nci.ivi.bdt.dsd.URL,Logical View.Data Model.Logical Model.gov.nih.nci.ivi.bdt.dsd.URL,Represents a URL for a service,Uniform Resource Locator,Uniform Resource Locator,ObjectClass,C42743,An Internet address which tells a browser where to find an Internet resource.,NCI,,1
Logical View.Data Model.Logical Model.gov.nih.nci.ivi.bdt.dsd.URL,value,the URL content,Value,Value,Property,C49100,"The information contained in a data field; may represent a numeric quantity, a textual characterization, a date or time measurement, or some other state depending on the nature of the attribute.",NCI,,1
Logical View.Data Model.Logical Model.gov.java.lang.Integer,Logical View.Data Model.Logical Model.gov.java.lang.Integer,,Integer,Integer,ObjectClass,C45255,"A number with no fractional part, including the negative and positive numbers as well as zero.",NCI,,1
Logical View.Data Model.Logical Model.gov.java.lang.String,Logical View.Data Model.Logical Model.gov.java.lang.String,,String,String,ObjectClass,C45253,An expression consisting of a linear sequence of symbols (characters or words or phrases).,NCI,,1
Logical View.Data Model.Logical Model.gov.java.lang.Long,Logical View.Data Model.Logical Model.gov.java.lang.Long,,Long,Long,ObjectClass,C48311,A variable that is stored as a signed 64-bit (8-byte) integer.,NCI,,1
Logical View.Data Model.Logical Model.gov.java.lang.Boolean,Logical View.Data Model.Logical Model.gov.java.lang.Boolean,,Boolean,Boolean,ObjectClass,C45254,"The type of an expression with two possible values, ""true"" and ""false"". Also, a variable of Boolean type or a function with Boolean arguments or result. The most common Boolean functions are AND, OR and NOT.",NCI,,1
Logical View.Data Model.Logical Model.gov.java.lang.Float,Logical View.Data Model.Logical Model.gov.java.lang.Float,,Float,Float,ObjectClass,C48150,A number that can have its decimal point in any position.,NCI,,1
Logical View.Data Model.Logical Model.gov.java.lang.util.Date,Logical View.Data Model.Logical Model.gov.java.lang.util.Date,,Date,Date,ObjectClass,C48871,A string unique to a time duration of 24 hours between 2 successive midnights defined by the local time zone. The specific representation of a date will depend on which calendar convention is in force as well as local ordering conventions.,NCI,,1
