<saml:Assertion xmlns:saml="urn:oasis:names:tc:SAML:2.0:assertion"
	xmlns:wst="http://docs.oasis-open.org/ws-sx/ws-trust/200512" ID="ID_87a76781-2159-4939-91f4-dbfb43a1eb97"
	IssueInstant="2011-12-08T18:47:43.357Z" Version="2.0">
	<saml:Issuer>EmoryConceptSTS</saml:Issuer>
	<dsig:Signature xmlns:dsig="http://www.w3.org/2000/09/xmldsig#">
		<dsig:SignedInfo>
			<dsig:CanonicalizationMethod
				Algorithm="http://www.w3.org/2001/10/xml-exc-c14n#WithComments" />
			<dsig:SignatureMethod Algorithm="http://www.w3.org/2000/09/xmldsig#rsa-sha1" />
			<dsig:Reference URI="#ID_87a76781-2159-4939-91f4-dbfb43a1eb97">
				<dsig:Transforms>
					<dsig:Transform
						Algorithm="http://www.w3.org/2000/09/xmldsig#enveloped-signature" />
					<dsig:Transform Algorithm="http://www.w3.org/2001/10/xml-exc-c14n#" />
				</dsig:Transforms>
				<dsig:DigestMethod Algorithm="http://www.w3.org/2000/09/xmldsig#sha1" />
				<dsig:DigestValue>BFVOQMWq9WAyPjSja8eE4Wt3OqM=</dsig:DigestValue>
			</dsig:Reference>
		</dsig:SignedInfo>
		<dsig:SignatureValue>WlAJfNDlEKtO9o+qU4fDK0eoFvmiiVblkUJMSLIWi3pBbLJm9+xNqxz6C9UzL4LdW01R06L2+enjdFJM4oPQ6P7WeAj9plCk/W44HTzi5y5HQZ0zw/9gbLk32Gm2ONUl+FWOFuxeCZLUyvOLmpjcosT2dZPY2x2zNnKE1RnFRRI=
		</dsig:SignatureValue>
		<dsig:KeyInfo>
			<dsig:KeyValue>
				<dsig:RSAKeyValue>
					<dsig:Modulus>suGIyhVTbFvDwZdx8Av62zmP+aGOlsBN8WUE3eEEcDtOIZgO78SImMQGwB2C0eIVMhiLRzVPqoW1dCPAveTm653zHOmubaps1fY0lLJDSZbTbhjeYhoQmmaBro/tDpVw5lKJns2qVnMuRK19ju2dxpKwlYGGtrP5VQv00dfNPbs=
					</dsig:Modulus>
					<dsig:Exponent>AQAB</dsig:Exponent>
				</dsig:RSAKeyValue>
			</dsig:KeyValue>
		</dsig:KeyInfo>
	</dsig:Signature>
	<saml:Subject>
		<saml:NameID NameQualifier="urn:picketlink:identity-federation">testldap01</saml:NameID>
		<saml:SubjectConfirmation Method="urn:oasis:names:tc:SAML:2.0:cm:bearer" />
	</saml:Subject>
	<saml:Conditions NotBefore="2011-12-08T18:47:43.357Z"
		NotOnOrAfter="2011-12-09T14:47:43.357Z">
		<saml:AudienceRestriction>
			<saml:Audience>http://services.testcorp.org/provider1</saml:Audience>
		</saml:AudienceRestriction>
	</saml:Conditions>
	<saml:AuthnStatement AuthnInstant="2011-12-08T13:47:43.359-05:00">
		<saml:AuthnContext>
			<saml:AuthnContextClassRef>urn:oasis:names:tc:SAML:2.0:ac:classes:PasswordProtectedTransport
			</saml:AuthnContextClassRef>
		</saml:AuthnContext>
	</saml:AuthnStatement>
</saml:Assertion>