<PicketLinkSTS xmlns="urn:picketlink:identity-federation:config:1.0"
	STSName="EmoryConceptSTS" TokenTimeout="72000" EncryptToken="true">
	<KeyProvider ClassName="org.picketlink.identity.federation.core.impl.KeyStoreKeyManager">
		<Auth Key="KeyStoreURL" Value="sts_keystore.jks"/> 
  		<Auth Key="KeyStorePass" Value="testpass"/>
  		<Auth Key="SigningKeyAlias" Value="sts"/>
  		<Auth Key="SigningKeyPass" Value="keypass"/>
  		<ValidatingAlias Key="http://services.testcorp.org/provider1" Value="service1"/>
	</KeyProvider>
	<TokenProviders>
        <TokenProvider ProviderClass="org.picketlink.identity.federation.core.wstrust.plugins.saml.SAML20TokenProvider"
            TokenType="http://docs.oasis-open.org/wss/oasis-wss-saml-token-profile-1.1#SAMLV2.0"
	        TokenElement="Assertion"
	        TokenElementNS="urn:oasis:names:tc:SAML:2.0:assertion">
	      </TokenProvider>
	</TokenProviders>
	<ServiceProviders>
		<ServiceProvider Endpoint="http://services.testcorp.org/provider1" TokenType="http://docs.oasis-open.org/wss/oasis-wss-saml-token-profile-1.1#SAMLV2.0"
			TruststoreAlias="service1"/>
	</ServiceProviders>
</PicketLinkSTS>
