UMLClass,UMLEntity,UMLDescription,ConceptName,ConceptPreferredName,Classification,ConceptCode,ConceptDefinition,ConceptDefinitionSource,ModifiedDate,HumanVerified
Logical View.Data Model.Logical Model.gov.nih.nci.ivi.bdt.DataLocation,Logical View.Data Model.Logical Model.gov.nih.nci.ivi.bdt.DataLocation,This class is the same as the DataLocation class from the BDT model.  The attributes of the DataLocation class are not replicated here.  This is a class for identifying the location of the underlying binary data.,Data,Data,ObjectClass,C25474,"A collection or single item of factual information, derived from measurement or research, from which conclusions may be drawn.",NCI,,1
Logical View.Data Model.Logical Model.gov.nih.nci.ivi.bdt.DataLocation,Logical View.Data Model.Logical Model.gov.nih.nci.ivi.bdt.DataLocation,This class is the same as the DataLocation class from the BDT model.  The attributes of the DataLocation class are not replicated here.  This is a class for identifying the location of the underlying binary data.,Location,Location,ObjectClassQualifier1,C25341,"A position, site, or point in space where something can be found.",NCI,,1
Logical View.Data Model.Logical Model.gov.nih.nci.ivi.bdt.genericimage.Image,Logical View.Data Model.Logical Model.gov.nih.nci.ivi.bdt.genericimage.Image,"Represents a single image that is 2D, or potentially nD",Image,Image,ObjectClass,C48179,Any record of an imaging event whether physical or electronic.,NCI,,1
Logical View.Data Model.Logical Model.gov.nih.nci.ivi.bdt.genericimage.Image,numberOfChannels,the number of channels in this image,Number,Number,Property,C25337,"A numeral or string of numerals expressing value, quantity, or identification.",NCI,,1
Logical View.Data Model.Logical Model.gov.nih.nci.ivi.bdt.genericimage.Image,numberOfChannels,the number of channels in this image,Channel,Channel,PropertyQualifier1,C44170,"An independent acquisition scheme, i.e., a route or conduit through which flows data consisting of one particular measurement using one particular parameter.",NCI,,1
Logical View.Data Model.Logical Model.gov.nih.nci.ivi.bdt.genericimage.Image,numberOfResolutions,The number of resolutions in this image,Number,Number,Property,C25337,"A numeral or string of numerals expressing value, quantity, or identification.",NCI,,1
Logical View.Data Model.Logical Model.gov.nih.nci.ivi.bdt.genericimage.Image,numberOfResolutions,The number of resolutions in this image,Resolution,Resolution,PropertyQualifier1,C47876,The size of the smallest element that can be separated from neighboring elements. (from scienceworld.wolfram.com),NCI,,1
Logical View.Data Model.Logical Model.gov.nih.nci.ivi.bdt.genericimage.Metadata,Logical View.Data Model.Logical Model.gov.nih.nci.ivi.bdt.genericimage.Metadata,Represents a generic metadata item with a name and a value,Metadata,Metadata,ObjectClass,C52095,Data about data; information that describes another set of data.,NCI,,1
Logical View.Data Model.Logical Model.gov.nih.nci.ivi.bdt.genericimage.Metadata,name,the name of the metadata entry,Name,Name,Property,C42614,The words or language units by which a thing is known.,NCI,,1
Logical View.Data Model.Logical Model.gov.nih.nci.ivi.bdt.genericimage.Metadata,value,the value of the metadata entry,Value,Value,Property,C49100,"The information contained in a data field; may represent a numeric quantity, a textual characterization, a date or time measurement, or some other state depending on the nature of the attribute.",NCI,,1
Logical View.Data Model.Logical Model.gov.nih.nci.ivi.bdt.genericimage.Chunk,Logical View.Data Model.Logical Model.gov.nih.nci.ivi.bdt.genericimage.Chunk,Represents a sequence of bytes that logically is a portion or all of a binary data object,Unit,Unit,ObjectClass,C44278,A single undivided thing occurring in the composition of something else.,NCI,,1
Logical View.Data Model.Logical Model.gov.nih.nci.ivi.bdt.genericimage.Chunk,Logical View.Data Model.Logical Model.gov.nih.nci.ivi.bdt.genericimage.Chunk,Represents a sequence of bytes that logically is a portion or all of a binary data object,Data,Data,ObjectClassQualifier1,C25474,"A collection or single item of factual information, derived from measurement or research, from which conclusions may be drawn.",NCI,,1
Logical View.Data Model.Logical Model.gov.nih.nci.ivi.bdt.genericimage.Channel,Logical View.Data Model.Logical Model.gov.nih.nci.ivi.bdt.genericimage.Channel,This represents a channel (or a number of channels) of data in a multi channel image,Channel,Channel,ObjectClass,C60697,A path through which water or other materials may flow or travel.,NCI,,1
Logical View.Data Model.Logical Model.gov.nih.nci.ivi.bdt.genericimage.Channel,Logical View.Data Model.Logical Model.gov.nih.nci.ivi.bdt.genericimage.Channel,This represents a channel (or a number of channels) of data in a multi channel image,Channel,Channel,ObjectClassQualifier1,C44170,"An independent acquisition scheme, i.e., a route or conduit through which flows data consisting of one particular measurement using one particular parameter.",NCI,,1
Logical View.Data Model.Logical Model.gov.nih.nci.ivi.bdt.genericimage.Channel,maximumPixelValue,the maximum pixel value a channel can have.,Value,Value,Property,C25712,A numerical quantity measured or assigned or computed.,NCI,,1
Logical View.Data Model.Logical Model.gov.nih.nci.ivi.bdt.genericimage.Channel,maximumPixelValue,the maximum pixel value a channel can have.,Pixel,Pixel,PropertyQualifier1,C48367,"The smallest resolvable rectangular area of an image, either on a screen or stored in memory.",NCI,,1
Logical View.Data Model.Logical Model.gov.nih.nci.ivi.bdt.genericimage.Channel,maximumPixelValue,the maximum pixel value a channel can have.,Maximum,Maximum,PropertyQualifier2,C25564,The largest possible quantity or degree.,NCI,,1
Logical View.Data Model.Logical Model.gov.nih.nci.ivi.bdt.genericimage.Channel,minimumPixelValue,the minimum pixel value a channel can have,Value,Value,Property,C25712,A numerical quantity measured or assigned or computed.,NCI,,1
Logical View.Data Model.Logical Model.gov.nih.nci.ivi.bdt.genericimage.Channel,minimumPixelValue,the minimum pixel value a channel can have,Pixel,Pixel,PropertyQualifier1,C48367,"The smallest resolvable rectangular area of an image, either on a screen or stored in memory.",NCI,,1
Logical View.Data Model.Logical Model.gov.nih.nci.ivi.bdt.genericimage.Channel,minimumPixelValue,the minimum pixel value a channel can have,Minimum,Minimum,PropertyQualifier2,C25570,The smallest possible quantity.,NCI,,1
Logical View.Data Model.Logical Model.gov.nih.nci.ivi.bdt.genericimage.Channel,numberOfChannelsInItem,the number of channels represented by this channel object,Number,Number,Property,C25337,"A numeral or string of numerals expressing value, quantity, or identification.",NCI,,1
Logical View.Data Model.Logical Model.gov.nih.nci.ivi.bdt.genericimage.Channel,numberOfChannelsInItem,the number of channels represented by this channel object,Channel,Channel,PropertyQualifier1,C44170,"An independent acquisition scheme, i.e., a route or conduit through which flows data consisting of one particular measurement using one particular parameter.",NCI,,1
Logical View.Data Model.Logical Model.gov.nih.nci.ivi.bdt.genericimage.Channel,numberOfChannelsInItem,the number of channels represented by this channel object,Total,Total,PropertyQualifier2,C25304,"Pertaining to an entirety or whole, also constituting the full quantity or extent; complete; derived by addition.",NCI,,1
Logical View.Data Model.Logical Model.gov.nih.nci.ivi.bdt.genericimage.Channel,pixelType,the data type of the pixels,Type,Type,Property,C25284,Something distinguishable as an identifiable class based on common qualities.,NCI,,1
Logical View.Data Model.Logical Model.gov.nih.nci.ivi.bdt.genericimage.Channel,pixelType,the data type of the pixels,Pixel,Pixel,PropertyQualifier1,C48367,"The smallest resolvable rectangular area of an image, either on a screen or stored in memory.",NCI,,1
Logical View.Data Model.Logical Model.gov.nih.nci.ivi.bdt.genericimage.Volume,Logical View.Data Model.Logical Model.gov.nih.nci.ivi.bdt.genericimage.Volume,Represents a collection of images.  Typically this is a 3D object,Volume,Volume,ObjectClass,C25335,The amount of three dimensional space occupied by an object or the capacity of a space or container.,NCI,,1
Logical View.Data Model.Logical Model.gov.nih.nci.ivi.bdt.genericimage.TimeSeries,Logical View.Data Model.Logical Model.gov.nih.nci.ivi.bdt.genericimage.TimeSeries,"Represents a time series of image data, which is arranged along the T axis.  this is an organizational structure",Series,Series,ObjectClass,C25674,"A group or succession of objects, substances, or events arranged in regular order in space or time, connected by a like relation, or forming a kind of chain.",NCI,,1
Logical View.Data Model.Logical Model.gov.nih.nci.ivi.bdt.genericimage.TimeSeries,Logical View.Data Model.Logical Model.gov.nih.nci.ivi.bdt.genericimage.TimeSeries,"Represents a time series of image data, which is arranged along the T axis.  this is an organizational structure",Time,Time,ObjectClassQualifier1,C25207,The continuum of experience in which events pass from the future through the present to the past; a specific point in this continuum or the interval separating two points.,NCI,,1
Logical View.Data Model.Logical Model.gov.nih.nci.ivi.bdt.genericimage.DataItem,Logical View.Data Model.Logical Model.gov.nih.nci.ivi.bdt.genericimage.DataItem,the descriptive name of the data item.,Entity,Entity,ObjectClass,C51070,An independently existing thing (living or nonliving).,NCI,,1
Logical View.Data Model.Logical Model.gov.nih.nci.ivi.bdt.genericimage.DataItem,Logical View.Data Model.Logical Model.gov.nih.nci.ivi.bdt.genericimage.DataItem,the descriptive name of the data item.,Data,Data,ObjectClassQualifier1,C25474,"A collection or single item of factual information, derived from measurement or research, from which conclusions may be drawn.",NCI,,1
Logical View.Data Model.Logical Model.gov.nih.nci.ivi.bdt.genericimage.DataItem,identifier,the numeric identifier of the data item,Identifier,Identifier,Property,C25364,"One or more characters used to identify, name, or characterize the nature, properties, or contents of a thing.",NCI,,1
Logical View.Data Model.Logical Model.gov.nih.nci.ivi.bdt.genericimage.DataItem,index,index of the current data item,Index,Index,Property,C25390,"A numerical scale used to compare variables with one another or with some reference number; a number used to select an element of a list, vector, array or other sequence.",NCI,,1
Logical View.Data Model.Logical Model.gov.nih.nci.ivi.bdt.genericimage.DataItem,name,the name of the time series dataset,Name,Name,Property,C42614,The words or language units by which a thing is known.,NCI,,1
Logical View.Data Model.Logical Model.gov.nih.nci.ivi.bdt.genericimage.Tile,Logical View.Data Model.Logical Model.gov.nih.nci.ivi.bdt.genericimage.Tile,"Represents a spatially coherent region of an image, volume, and/or time series",Region,Region,ObjectClass,C41129,"An area or portion of something with more or less definite boundaries designed or specified according to some established biological, administrative, economic, demographic, etc. criteria.",NCI,,1
Logical View.Data Model.Logical Model.gov.nih.nci.ivi.bdt.genericimage.Tile,datasetIdentifier,"The identifier of the dataset, so tiles can be queried directly",Identifier,Identifier,Property,C25364,"One or more characters used to identify, name, or characterize the nature, properties, or contents of a thing.",NCI,,1
Logical View.Data Model.Logical Model.gov.nih.nci.ivi.bdt.genericimage.Tile,datasetIdentifier,"The identifier of the dataset, so tiles can be queried directly",Data Set,Data Set,PropertyQualifier1,C47824,A collection of related data records.,NCI,,1
Logical View.Data Model.Logical Model.gov.nih.nci.ivi.bdt.genericimage.Tile,fileFormat,the tile's image format,Format,Format,Property,C42761,The organization of information according to preset specifications.,NCI,,1
Logical View.Data Model.Logical Model.gov.nih.nci.ivi.bdt.genericimage.Tile,fileFormat,the tile's image format,File,File,PropertyQualifier1,C42883,A set of related records (either written or electronic) kept together.,NCI,,1
Logical View.Data Model.Logical Model.gov.nih.nci.ivi.bdt.genericimage.Tile,indexChannel,the id of the channel,Index,Index,Property,C25390,"A numerical scale used to compare variables with one another or with some reference number; a number used to select an element of a list, vector, array or other sequence.",NCI,,1
Logical View.Data Model.Logical Model.gov.nih.nci.ivi.bdt.genericimage.Tile,indexChannel,the id of the channel,Channel,Channel,PropertyQualifier1,C44170,"An independent acquisition scheme, i.e., a route or conduit through which flows data consisting of one particular measurement using one particular parameter.",NCI,,1
Logical View.Data Model.Logical Model.gov.nih.nci.ivi.bdt.genericimage.Tile,indexResolution,the id of the resolution level,Index,Index,Property,C25390,"A numerical scale used to compare variables with one another or with some reference number; a number used to select an element of a list, vector, array or other sequence.",NCI,,1
Logical View.Data Model.Logical Model.gov.nih.nci.ivi.bdt.genericimage.Tile,indexResolution,the id of the resolution level,Resolution,Resolution,PropertyQualifier1,C47876,The size of the smallest element that can be separated from neighboring elements. (from scienceworld.wolfram.com),NCI,,1
Logical View.Data Model.Logical Model.gov.nih.nci.ivi.bdt.genericimage.Tile,indexT,time index,Index,Index,Property,C25390,"A numerical scale used to compare variables with one another or with some reference number; a number used to select an element of a list, vector, array or other sequence.",NCI,,1
Logical View.Data Model.Logical Model.gov.nih.nci.ivi.bdt.genericimage.Tile,indexT,time index,Time,Time,PropertyQualifier1,C25207,The continuum of experience in which events pass from the future through the present to the past; a specific point in this continuum or the interval separating two points.,NCI,,1
Logical View.Data Model.Logical Model.gov.nih.nci.ivi.bdt.genericimage.Tile,indexX,X index,Index,Index,Property,C25390,"A numerical scale used to compare variables with one another or with some reference number; a number used to select an element of a list, vector, array or other sequence.",NCI,,1
Logical View.Data Model.Logical Model.gov.nih.nci.ivi.bdt.genericimage.Tile,indexX,X index,X-Dimension,X-Dimension,PropertyQualifier1,C45784,The magnitude of something in a horizontal direction.,NCI,,1
Logical View.Data Model.Logical Model.gov.nih.nci.ivi.bdt.genericimage.Tile,indexY,Y index,Index,Index,Property,C25390,"A numerical scale used to compare variables with one another or with some reference number; a number used to select an element of a list, vector, array or other sequence.",NCI,,1
Logical View.Data Model.Logical Model.gov.nih.nci.ivi.bdt.genericimage.Tile,indexY,Y index,Y-Dimension,Y-Dimension,PropertyQualifier1,C45785,The magnitude of something in a vertical direction.,NCI,,1
Logical View.Data Model.Logical Model.gov.nih.nci.ivi.bdt.genericimage.Tile,indexZ,Z index,Index,Index,Property,C25390,"A numerical scale used to compare variables with one another or with some reference number; a number used to select an element of a list, vector, array or other sequence.",NCI,,1
Logical View.Data Model.Logical Model.gov.nih.nci.ivi.bdt.genericimage.Tile,indexZ,Z index,Z-Dimension,Z-Dimension,PropertyQualifier1,C49150,"The magnitude of something in a third direction, generally representing depth.",NCI,,1
Logical View.Data Model.Logical Model.gov.nih.nci.ivi.bdt.genericimage.Tile,numberOfChunks,number of chunks that this tile is partitioned into,Number,Number,Property,C25337,"A numeral or string of numerals expressing value, quantity, or identification.",NCI,,1
Logical View.Data Model.Logical Model.gov.nih.nci.ivi.bdt.genericimage.Tile,numberOfChunks,number of chunks that this tile is partitioned into,Unit,Unit,PropertyQualifier1,C44278,A single undivided thing occurring in the composition of something else.,NCI,,1
Logical View.Data Model.Logical Model.gov.nih.nci.ivi.bdt.genericimage.Tile,numberOfChunks,number of chunks that this tile is partitioned into,Data,Data,PropertyQualifier2,C25474,"A collection or single item of factual information, derived from measurement or research, from which conclusions may be drawn.",NCI,,1
Logical View.Data Model.Logical Model.gov.nih.nci.ivi.bdt.genericimage.ImageDataItem,Logical View.Data Model.Logical Model.gov.nih.nci.ivi.bdt.genericimage.ImageDataItem,"Represents a generic image data item, which include 1D, 2D, 3D and 4D data",Entity,Entity,ObjectClass,C51070,An independently existing thing (living or nonliving).,NCI,,1
Logical View.Data Model.Logical Model.gov.nih.nci.ivi.bdt.genericimage.ImageDataItem,Logical View.Data Model.Logical Model.gov.nih.nci.ivi.bdt.genericimage.ImageDataItem,"Represents a generic image data item, which include 1D, 2D, 3D and 4D data",Data,Data,ObjectClassQualifier1,C25474,"A collection or single item of factual information, derived from measurement or research, from which conclusions may be drawn.",NCI,,1
Logical View.Data Model.Logical Model.gov.nih.nci.ivi.bdt.genericimage.ImageDataItem,Logical View.Data Model.Logical Model.gov.nih.nci.ivi.bdt.genericimage.ImageDataItem,"Represents a generic image data item, which include 1D, 2D, 3D and 4D data",Image,Image,ObjectClassQualifier2,C48179,Any record of an imaging event whether physical or electronic.,NCI,,1
Logical View.Data Model.Logical Model.gov.nih.nci.ivi.bdt.genericimage.ImageDataItem,maximumChildIndex,the maximum index id for the child,Index,Index,Property,C25390,"A numerical scale used to compare variables with one another or with some reference number; a number used to select an element of a list, vector, array or other sequence.",NCI,,1
Logical View.Data Model.Logical Model.gov.nih.nci.ivi.bdt.genericimage.ImageDataItem,maximumChildIndex,the maximum index id for the child,Maximum,Maximum,PropertyQualifier1,C25564,The largest possible quantity or degree.,NCI,,1
Logical View.Data Model.Logical Model.gov.nih.nci.ivi.bdt.genericimage.ImageDataItem,maximumChildIndex,the maximum index id for the child,Child,Child,PropertyQualifier2,C42708,A human offspring (son or daughter) of any age; an immediate progeny.,NCI,,1
Logical View.Data Model.Logical Model.gov.nih.nci.ivi.bdt.genericimage.ImageDataItem,maximumResolution,The maximum resolution for an data item,Resolution,Resolution,Property,C47876,The size of the smallest element that can be separated from neighboring elements. (from scienceworld.wolfram.com),NCI,,1
Logical View.Data Model.Logical Model.gov.nih.nci.ivi.bdt.genericimage.ImageDataItem,maximumResolution,The maximum resolution for an data item,Maximum,Maximum,PropertyQualifier1,C25564,The largest possible quantity or degree.,NCI,,1
Logical View.Data Model.Logical Model.gov.nih.nci.ivi.bdt.genericimage.ImageDataItem,maximumT,the maximum of the time range,Time,Time,Property,C25207,The continuum of experience in which events pass from the future through the present to the past; a specific point in this continuum or the interval separating two points.,NCI,,1
Logical View.Data Model.Logical Model.gov.nih.nci.ivi.bdt.genericimage.ImageDataItem,maximumT,the maximum of the time range,Maximum,Maximum,PropertyQualifier1,C25564,The largest possible quantity or degree.,NCI,,1
Logical View.Data Model.Logical Model.gov.nih.nci.ivi.bdt.genericimage.ImageDataItem,maximumX,the maximum in X range,X-Dimension,X-Dimension,Property,C45784,The magnitude of something in a horizontal direction.,NCI,,1
Logical View.Data Model.Logical Model.gov.nih.nci.ivi.bdt.genericimage.ImageDataItem,maximumX,the maximum in X range,Maximum,Maximum,PropertyQualifier1,C25564,The largest possible quantity or degree.,NCI,,1
Logical View.Data Model.Logical Model.gov.nih.nci.ivi.bdt.genericimage.ImageDataItem,maximumY,the minimum in Y range,Y-Dimension,Y-Dimension,Property,C45785,The magnitude of something in a vertical direction.,NCI,,1
Logical View.Data Model.Logical Model.gov.nih.nci.ivi.bdt.genericimage.ImageDataItem,maximumY,the minimum in Y range,Maximum,Maximum,PropertyQualifier1,C25564,The largest possible quantity or degree.,NCI,,1
Logical View.Data Model.Logical Model.gov.nih.nci.ivi.bdt.genericimage.ImageDataItem,maximumZ,the maximum in Z range,Z-Dimension,Z-Dimension,Property,C49150,"The magnitude of something in a third direction, generally representing depth.",NCI,,1
Logical View.Data Model.Logical Model.gov.nih.nci.ivi.bdt.genericimage.ImageDataItem,maximumZ,the maximum in Z range,Maximum,Maximum,PropertyQualifier1,C25564,The largest possible quantity or degree.,NCI,,1
Logical View.Data Model.Logical Model.gov.nih.nci.ivi.bdt.genericimage.ImageDataItem,minimumChildIndex,the mininum of the index range for the children,Index,Index,Property,C25390,"A numerical scale used to compare variables with one another or with some reference number; a number used to select an element of a list, vector, array or other sequence.",NCI,,1
Logical View.Data Model.Logical Model.gov.nih.nci.ivi.bdt.genericimage.ImageDataItem,minimumChildIndex,the mininum of the index range for the children,Minimum,Minimum,PropertyQualifier1,C25570,The smallest possible quantity.,NCI,,1
Logical View.Data Model.Logical Model.gov.nih.nci.ivi.bdt.genericimage.ImageDataItem,minimumChildIndex,the mininum of the index range for the children,Child,Child,PropertyQualifier2,C42708,A human offspring (son or daughter) of any age; an immediate progeny.,NCI,,1
Logical View.Data Model.Logical Model.gov.nih.nci.ivi.bdt.genericimage.ImageDataItem,minimumResolution,the minimum resolution for a data item,Resolution,Resolution,Property,C25655,"Return to the normal structure and/or function, e.g. the subsidence of a pathologic process, as the subsidence of an inflammatory lesion or new growth.",NCI,,1
Logical View.Data Model.Logical Model.gov.nih.nci.ivi.bdt.genericimage.ImageDataItem,minimumResolution,the minimum resolution for a data item,Minimum,Minimum,PropertyQualifier1,C25570,The smallest possible quantity.,NCI,,1
Logical View.Data Model.Logical Model.gov.nih.nci.ivi.bdt.genericimage.ImageDataItem,minimumT,the minimum in time range,Time,Time,Property,C25207,The continuum of experience in which events pass from the future through the present to the past; a specific point in this continuum or the interval separating two points.,NCI,,1
Logical View.Data Model.Logical Model.gov.nih.nci.ivi.bdt.genericimage.ImageDataItem,minimumT,the minimum in time range,Minimum,Minimum,PropertyQualifier1,C25570,The smallest possible quantity.,NCI,,1
Logical View.Data Model.Logical Model.gov.nih.nci.ivi.bdt.genericimage.ImageDataItem,minimumX,the minimum in X range,X-Dimension,X-Dimension,Property,C45784,The magnitude of something in a horizontal direction.,NCI,,1
Logical View.Data Model.Logical Model.gov.nih.nci.ivi.bdt.genericimage.ImageDataItem,minimumX,the minimum in X range,Minimum,Minimum,PropertyQualifier1,C25570,The smallest possible quantity.,NCI,,1
Logical View.Data Model.Logical Model.gov.nih.nci.ivi.bdt.genericimage.ImageDataItem,minimumY,the minimum in Y range,Y-Dimension,Y-Dimension,Property,C45785,The magnitude of something in a vertical direction.,NCI,,1
Logical View.Data Model.Logical Model.gov.nih.nci.ivi.bdt.genericimage.ImageDataItem,minimumY,the minimum in Y range,Minimum,Minimum,PropertyQualifier1,C25570,The smallest possible quantity.,NCI,,1
Logical View.Data Model.Logical Model.gov.nih.nci.ivi.bdt.genericimage.ImageDataItem,minimumZ,the minimum in Z range,Z-Dimension,Z-Dimension,Property,C49150,"The magnitude of something in a third direction, generally representing depth.",NCI,,1
Logical View.Data Model.Logical Model.gov.nih.nci.ivi.bdt.genericimage.ImageDataItem,minimumZ,the minimum in Z range,Minimum,Minimum,PropertyQualifier1,C25570,The smallest possible quantity.,NCI,,1
Logical View.Data Model.Logical Model.gov.nih.nci.ivi.bdt.genericimage.ImageDataItem,numberOfChannels,the number of channels in a data item,Number,Number,Property,C25337,"A numeral or string of numerals expressing value, quantity, or identification.",NCI,,1
Logical View.Data Model.Logical Model.gov.nih.nci.ivi.bdt.genericimage.ImageDataItem,numberOfChannels,the number of channels in a data item,Channel,Channel,PropertyQualifier1,C44170,"An independent acquisition scheme, i.e., a route or conduit through which flows data consisting of one particular measurement using one particular parameter.",NCI,,1
Logical View.Data Model.Logical Model.gov.nih.nci.ivi.bdt.genericimage.Resolution,Logical View.Data Model.Logical Model.gov.nih.nci.ivi.bdt.genericimage.Resolution,Represents a resolution (or a number of resolutions) in a multi-resolution image,Resolution,Resolution,ObjectClass,C47876,The size of the smallest element that can be separated from neighboring elements. (from scienceworld.wolfram.com),NCI,,1
Logical View.Data Model.Logical Model.gov.nih.nci.ivi.bdt.genericimage.Resolution,numberOfResolutionsInItem,the number of resolutions in this resolution object,Number,Number,Property,C25337,"A numeral or string of numerals expressing value, quantity, or identification.",NCI,,1
Logical View.Data Model.Logical Model.gov.nih.nci.ivi.bdt.genericimage.Resolution,numberOfResolutionsInItem,the number of resolutions in this resolution object,Resolution,Resolution,PropertyQualifier1,C47876,The size of the smallest element that can be separated from neighboring elements. (from scienceworld.wolfram.com),NCI,,1
Logical View.Data Model.Logical Model.gov.nih.nci.ivi.bdt.genericimage.Resolution,numberOfResolutionsInItem,the number of resolutions in this resolution object,Total,Total,PropertyQualifier2,C25304,"Pertaining to an entirety or whole, also constituting the full quantity or extent; complete; derived by addition.",NCI,,1
Logical View.Data Model.Logical Model.gov.nih.nci.ivi.bdt.genericimage.Resolution,numberOfTilesT,the number of tiles along the time axis for this resolution,Number,Number,Property,C25337,"A numeral or string of numerals expressing value, quantity, or identification.",NCI,,1
Logical View.Data Model.Logical Model.gov.nih.nci.ivi.bdt.genericimage.Resolution,numberOfTilesT,the number of tiles along the time axis for this resolution,Region,Region,PropertyQualifier1,C41129,"An area or portion of something with more or less definite boundaries designed or specified according to some established biological, administrative, economic, demographic, etc. criteria.",NCI,,1
Logical View.Data Model.Logical Model.gov.nih.nci.ivi.bdt.genericimage.Resolution,numberOfTilesT,the number of tiles along the time axis for this resolution,Time,Time,PropertyQualifier2,C25207,The continuum of experience in which events pass from the future through the present to the past; a specific point in this continuum or the interval separating two points.,NCI,,1
Logical View.Data Model.Logical Model.gov.nih.nci.ivi.bdt.genericimage.Resolution,numberOfTilesX,the number of tiles along the X direciton for this resolution,Number,Number,Property,C25337,"A numeral or string of numerals expressing value, quantity, or identification.",NCI,,1
Logical View.Data Model.Logical Model.gov.nih.nci.ivi.bdt.genericimage.Resolution,numberOfTilesX,the number of tiles along the X direciton for this resolution,Region,Region,PropertyQualifier1,C41129,"An area or portion of something with more or less definite boundaries designed or specified according to some established biological, administrative, economic, demographic, etc. criteria.",NCI,,1
Logical View.Data Model.Logical Model.gov.nih.nci.ivi.bdt.genericimage.Resolution,numberOfTilesX,the number of tiles along the X direciton for this resolution,X-Dimension,X-Dimension,PropertyQualifier2,C45784,The magnitude of something in a horizontal direction.,NCI,,1
Logical View.Data Model.Logical Model.gov.nih.nci.ivi.bdt.genericimage.Resolution,numberOfTilesY,the number of times along the Y direction for this resolution,Number,Number,Property,C25337,"A numeral or string of numerals expressing value, quantity, or identification.",NCI,,1
Logical View.Data Model.Logical Model.gov.nih.nci.ivi.bdt.genericimage.Resolution,numberOfTilesY,the number of times along the Y direction for this resolution,Region,Region,PropertyQualifier1,C41129,"An area or portion of something with more or less definite boundaries designed or specified according to some established biological, administrative, economic, demographic, etc. criteria.",NCI,,1
Logical View.Data Model.Logical Model.gov.nih.nci.ivi.bdt.genericimage.Resolution,numberOfTilesY,the number of times along the Y direction for this resolution,Y-Dimension,Y-Dimension,PropertyQualifier2,C45785,The magnitude of something in a vertical direction.,NCI,,1
Logical View.Data Model.Logical Model.gov.nih.nci.ivi.bdt.genericimage.Resolution,numberOfTilesZ,the number of tiles along the z direction for this resolution,Number,Number,Property,C25337,"A numeral or string of numerals expressing value, quantity, or identification.",NCI,,1
Logical View.Data Model.Logical Model.gov.nih.nci.ivi.bdt.genericimage.Resolution,numberOfTilesZ,the number of tiles along the z direction for this resolution,Region,Region,PropertyQualifier1,C41129,"An area or portion of something with more or less definite boundaries designed or specified according to some established biological, administrative, economic, demographic, etc. criteria.",NCI,,1
Logical View.Data Model.Logical Model.gov.nih.nci.ivi.bdt.genericimage.Resolution,numberOfTilesZ,the number of tiles along the z direction for this resolution,Z-Dimension,Z-Dimension,PropertyQualifier2,C49150,"The magnitude of something in a third direction, generally representing depth.",NCI,,1
Logical View.Data Model.Logical Model.gov.nih.nci.ivi.bdt.genericimage.Resolution,spacingT,"the sample entry spacing along the time direction, e.g. 1 sec, 1 min, etc",Spacing,Spacing,Property,C45786,An intervening interval of space or time.,NCI,,1
Logical View.Data Model.Logical Model.gov.nih.nci.ivi.bdt.genericimage.Resolution,spacingT,"the sample entry spacing along the time direction, e.g. 1 sec, 1 min, etc",Time,Time,PropertyQualifier1,C25207,The continuum of experience in which events pass from the future through the present to the past; a specific point in this continuum or the interval separating two points.,NCI,,1
Logical View.Data Model.Logical Model.gov.nih.nci.ivi.bdt.genericimage.Resolution,spacingX,the pixel spacing along the x direction for this resolution,Spacing,Spacing,Property,C45786,An intervening interval of space or time.,NCI,,1
Logical View.Data Model.Logical Model.gov.nih.nci.ivi.bdt.genericimage.Resolution,spacingX,the pixel spacing along the x direction for this resolution,X-Dimension,X-Dimension,PropertyQualifier1,C45784,The magnitude of something in a horizontal direction.,NCI,,1
Logical View.Data Model.Logical Model.gov.nih.nci.ivi.bdt.genericimage.Resolution,spacingY,the pixel spacing along the y direction for this resolution,Spacing,Spacing,Property,C45786,An intervening interval of space or time.,NCI,,1
Logical View.Data Model.Logical Model.gov.nih.nci.ivi.bdt.genericimage.Resolution,spacingY,the pixel spacing along the y direction for this resolution,Y-Dimension,Y-Dimension,PropertyQualifier1,C45785,The magnitude of something in a vertical direction.,NCI,,1
Logical View.Data Model.Logical Model.gov.nih.nci.ivi.bdt.genericimage.Resolution,spacingZ,the pixel spacing along the z direction for this resolution,Spacing,Spacing,Property,C45786,An intervening interval of space or time.,NCI,,1
Logical View.Data Model.Logical Model.gov.nih.nci.ivi.bdt.genericimage.Resolution,spacingZ,the pixel spacing along the z direction for this resolution,Z-Dimension,Z-Dimension,PropertyQualifier1,C49150,"The magnitude of something in a third direction, generally representing depth.",NCI,,1
Logical View.Data Model.Logical Model.gov.java.lang.Long,Logical View.Data Model.Logical Model.gov.java.lang.Long,,Long,Long,ObjectClass,C48311,A variable that is stored as a signed 64-bit (8-byte) integer.,NCI,,1
Logical View.Data Model.Logical Model.gov.java.lang.Float,Logical View.Data Model.Logical Model.gov.java.lang.Float,,Float,Float,ObjectClass,C48150,A number that can have its decimal point in any position.,NCI,,1
Logical View.Data Model.Logical Model.gov.java.lang.Integer,Logical View.Data Model.Logical Model.gov.java.lang.Integer,,Integer,Integer,ObjectClass,C45255,"A number with no fractional part, including the negative and positive numbers as well as zero.",NCI,,1
Logical View.Data Model.Logical Model.gov.java.lang.String,Logical View.Data Model.Logical Model.gov.java.lang.String,,String,String,ObjectClass,C45253,An expression consisting of a linear sequence of symbols (characters or words or phrases).,NCI,,1
Logical View.Data Model.Logical Model.gov.java.lang.Boolean,Logical View.Data Model.Logical Model.gov.java.lang.Boolean,,Boolean,Boolean,ObjectClass,C45254,"The type of an expression with two possible values, ""true"" and ""false"". Also, a variable of Boolean type or a function with Boolean arguments or result. The most common Boolean functions are AND, OR and NOT.",NCI,,1
Logical View.Data Model.Logical Model.gov.java.lang.util.Date,Logical View.Data Model.Logical Model.gov.java.lang.util.Date,,Date,Date,ObjectClass,C48871,A string unique to a time duration of 24 hours between 2 successive midnights defined by the local time zone. The specific representation of a date will depend on which calendar convention is in force as well as local ordering conventions.,NCI,,1
