<?xml version="1.0" encoding="UTF-8"?>

<deployment xmlns="urn:jboss:bean-deployer:2.0">

   <!-- ejb3 test application-policy definition -->
   <application-policy xmlns="urn:jboss:security-beans:1.0" name="dorian-domain">
      <authentication>
        <login-module code="edu.emory.cci.sts.auth.DorianLoginModule" flag="required">
            <module-option name="identityProviderUrl">https://dorian.training.cagrid.org:8443/wsrf/services/cagrid/Dorian</module-option>
         </login-module>
      </authentication>
   </application-policy>

</deployment>
