UMLClass,UMLEntity,UMLDescription,ConceptName,ConceptPreferredName,Classification,ConceptCode,ConceptDefinition,ConceptDefinitionSource,ModifiedDate,HumanVerified
Logical View.Data Model.Logical Model.gov.nih.nci.ivi.dsd.Package,Logical View.Data Model.Logical Model.gov.nih.nci.ivi.dsd.Package,Represents a service package,Package,Package,ObjectClass,C54192,Written programs or procedures or rules and associated documentation pertaining to the operation of a computer system and that are stored in read/write memory.,NCI,,1
Logical View.Data Model.Logical Model.gov.nih.nci.ivi.dsd.Package,Logical View.Data Model.Logical Model.gov.nih.nci.ivi.dsd.Package,Represents a service package,Grid Service,Grid Service,ObjectClassQualifier1,C63541,"A service available on a network infrastructure that coordinates resources that are not subject to central control, using open, general purpose protocols and interfaces to deliver nontrivial qualities of services.",NCI,,1
Logical View.Data Model.Logical Model.gov.nih.nci.ivi.dsd.Package,identifier,the identifier of the package,Identifier,Identifier,Property,C25364,"One or more characters used to identify, name, or characterize the nature, properties, or contents of a thing.",NCI,,1
Logical View.Data Model.Logical Model.gov.nih.nci.ivi.dsd.Package,identifier,the identifier of the package,Package,Package,PropertyQualifier1,C54192,Written programs or procedures or rules and associated documentation pertaining to the operation of a computer system and that are stored in read/write memory.,NCI,,1
Logical View.Data Model.Logical Model.gov.nih.nci.ivi.dsd.Package,majorVersion,the major version number of the package,Number,Number,Property,C25337,"A numeral or string of numerals expressing value, quantity, or identification.",NCI,,1
Logical View.Data Model.Logical Model.gov.nih.nci.ivi.dsd.Package,majorVersion,the major version number of the package,Version,Version,PropertyQualifier1,C25714,"A form or variant of a type or original; one of a sequence of copies of a program, each incorporating new modifications.",NCI,,1
Logical View.Data Model.Logical Model.gov.nih.nci.ivi.dsd.Package,majorVersion,the major version number of the package,Major,Major,PropertyQualifier2,C45368,"Greater or bigger in amount, extent, or size.",NCI,,1
Logical View.Data Model.Logical Model.gov.nih.nci.ivi.dsd.Package,minorVersion,the minor version number of the pacakge,Number,Number,Property,C25337,"A numeral or string of numerals expressing value, quantity, or identification.",NCI,,1
Logical View.Data Model.Logical Model.gov.nih.nci.ivi.dsd.Package,minorVersion,the minor version number of the pacakge,Version,Version,PropertyQualifier1,C25714,"A form or variant of a type or original; one of a sequence of copies of a program, each incorporating new modifications.",NCI,,1
Logical View.Data Model.Logical Model.gov.nih.nci.ivi.dsd.Package,minorVersion,the minor version number of the pacakge,Minor,Minor,PropertyQualifier2,C45367,"Lesser or smaller in amount, extent, or size.",NCI,,1
Logical View.Data Model.Logical Model.gov.nih.nci.ivi.dsd.Package,name,the name of the package,Name,Name,Property,C42614,The words or language units by which a thing is known.,NCI,,1
Logical View.Data Model.Logical Model.gov.nih.nci.ivi.dsd.ContainerInfo,Logical View.Data Model.Logical Model.gov.nih.nci.ivi.dsd.ContainerInfo,Represents information about the grid service container,Information,Information,ObjectClass,C48191,"Knowledge derived from study, experience, or instruction that has been gathered or received by communication.",NCI,,1
Logical View.Data Model.Logical Model.gov.nih.nci.ivi.dsd.ContainerInfo,Logical View.Data Model.Logical Model.gov.nih.nci.ivi.dsd.ContainerInfo,Represents information about the grid service container,Container,Container,ObjectClassQualifier1,C43186,An object that can be used to hold things.,NCI,,1
Logical View.Data Model.Logical Model.gov.nih.nci.ivi.dsd.ContainerInfo,Logical View.Data Model.Logical Model.gov.nih.nci.ivi.dsd.ContainerInfo,Represents information about the grid service container,Grid Service,Grid Service,ObjectClassQualifier2,C63541,"A service available on a network infrastructure that coordinates resources that are not subject to central control, using open, general purpose protocols and interfaces to deliver nontrivial qualities of services.",NCI,,1
Logical View.Data Model.Logical Model.gov.nih.nci.ivi.dsd.ContainerInfo,cpuBits,number of maximum bits for Central Processing Unit,Number,Number,Property,C25337,"A numeral or string of numerals expressing value, quantity, or identification.",NCI,,1
Logical View.Data Model.Logical Model.gov.nih.nci.ivi.dsd.ContainerInfo,cpuBits,number of maximum bits for Central Processing Unit,Bit,Bit,PropertyQualifier1,C63625,"A binary digit, the smallest unit of storage.",NCI,,1
Logical View.Data Model.Logical Model.gov.nih.nci.ivi.dsd.ContainerInfo,cpuBits,number of maximum bits for Central Processing Unit,Maximum,Maximum,PropertyQualifier2,C25564,The largest possible quantity or degree.,NCI,,1
Logical View.Data Model.Logical Model.gov.nih.nci.ivi.dsd.ContainerInfo,cpuBits,number of maximum bits for Central Processing Unit,Central Processing Unit,Central Processing Unit,PropertyQualifier3,C50332,"The part of a computer which controls all the other parts. Designs vary widely but, in general, the CPU consists of the control unit, the arithmetic and logic unit (ALU) and memory (registers, cache, RAM and ROM) as well as various temporary buffers and other logic.",NCI,,1
Logical View.Data Model.Logical Model.gov.nih.nci.ivi.dsd.ContainerInfo,cpuCacheSizeInKB,the cache size of the Central Processing Unit in KiloBytes,Size,Size,Property,C25681,The physical magnitude of something.,NCI,,1
Logical View.Data Model.Logical Model.gov.nih.nci.ivi.dsd.ContainerInfo,cpuCacheSizeInKB,the cache size of the Central Processing Unit in KiloBytes,Cache,Cache,PropertyQualifier1,C63626,RAM memory that is set aside as a specialized buffer storage that is continually updated; used to optimize data transfers between system elements with different characteristics.,NCI,,1
Logical View.Data Model.Logical Model.gov.nih.nci.ivi.dsd.ContainerInfo,cpuCacheSizeInKB,the cache size of the Central Processing Unit in KiloBytes,Byte,Byte,PropertyQualifier2,C48047,A sequence of 8 bits processed as a single unit of information.,NCI,,1
Logical View.Data Model.Logical Model.gov.nih.nci.ivi.dsd.ContainerInfo,cpuCacheSizeInKB,the cache size of the Central Processing Unit in KiloBytes,Kilo,Kilo,PropertyQualifier3,C48436,"A prefix indicating a quantity of one thousand, 10E3.",NCI,,1
Logical View.Data Model.Logical Model.gov.nih.nci.ivi.dsd.ContainerInfo,cpuCacheSizeInKB,the cache size of the Central Processing Unit in KiloBytes,Central Processing Unit,Central Processing Unit,PropertyQualifier4,C50332,"The part of a computer which controls all the other parts. Designs vary widely but, in general, the CPU consists of the control unit, the arithmetic and logic unit (ALU) and memory (registers, cache, RAM and ROM) as well as various temporary buffers and other logic.",NCI,,1
Logical View.Data Model.Logical Model.gov.nih.nci.ivi.dsd.ContainerInfo,cpuClockRateInMHz,Central Processing Unit clock rate in MegaHertz,Clock Speed,Clock Speed,Property,C63627,The fundamental rate in cycles per second at which a computer performs its most basic operations such as adding two numbers or transfering a value from one register to another.,NCI,,1
Logical View.Data Model.Logical Model.gov.nih.nci.ivi.dsd.ContainerInfo,cpuClockRateInMHz,Central Processing Unit clock rate in MegaHertz,Hertz,Hertz,PropertyQualifier1,C42545,The SI derived unit of frequency; equal to one oscillation per second.,NCI,,1
Logical View.Data Model.Logical Model.gov.nih.nci.ivi.dsd.ContainerInfo,cpuClockRateInMHz,Central Processing Unit clock rate in MegaHertz,Mega,Mega,PropertyQualifier2,C54653,"A prefix indicating a quantity of one million, 10E6.",NCI,,1
Logical View.Data Model.Logical Model.gov.nih.nci.ivi.dsd.ContainerInfo,cpuClockRateInMHz,Central Processing Unit clock rate in MegaHertz,Central Processing Unit,Central Processing Unit,PropertyQualifier3,C50332,"The part of a computer which controls all the other parts. Designs vary widely but, in general, the CPU consists of the control unit, the arithmetic and logic unit (ALU) and memory (registers, cache, RAM and ROM) as well as various temporary buffers and other logic.",NCI,,1
Logical View.Data Model.Logical Model.gov.nih.nci.ivi.dsd.ContainerInfo,cpuCoreCount,the number of cores in a Central Processing Unit,Count,Count,Property,C25463,To determine the number or amount of something; the result of this activity.,NCI,,1
Logical View.Data Model.Logical Model.gov.nih.nci.ivi.dsd.ContainerInfo,cpuCoreCount,the number of cores in a Central Processing Unit,Processor Core,Processor Core,PropertyQualifier1,C64194,"An integrated circuit design, usually for a microprocessor, which includes only the CPU and which is intended to form part of a complete circuit design which incorporates other circuits on the same chip such as cache, memory management unit, I/O ports and timers.",NCI,,1
Logical View.Data Model.Logical Model.gov.nih.nci.ivi.dsd.ContainerInfo,cpuCoreCount,the number of cores in a Central Processing Unit,Central Processing Unit,Central Processing Unit,PropertyQualifier2,C50332,"The part of a computer which controls all the other parts. Designs vary widely but, in general, the CPU consists of the control unit, the arithmetic and logic unit (ALU) and memory (registers, cache, RAM and ROM) as well as various temporary buffers and other logic.",NCI,,1
Logical View.Data Model.Logical Model.gov.nih.nci.ivi.dsd.ContainerInfo,cpuCount,"The number of Central Processing Units in system, each Central Processing Unit is one chip",Count,Count,Property,C25463,To determine the number or amount of something; the result of this activity.,NCI,,1
Logical View.Data Model.Logical Model.gov.nih.nci.ivi.dsd.ContainerInfo,cpuCount,"The number of Central Processing Units in system, each Central Processing Unit is one chip",Central Processing Unit,Central Processing Unit,PropertyQualifier1,C50332,"The part of a computer which controls all the other parts. Designs vary widely but, in general, the CPU consists of the control unit, the arithmetic and logic unit (ALU) and memory (registers, cache, RAM and ROM) as well as various temporary buffers and other logic.",NCI,,1
Logical View.Data Model.Logical Model.gov.nih.nci.ivi.dsd.ContainerInfo,cpuManufacturer,the manufacturer of the Central Processing Unit,Manufacturer,Manufacturer,Property,C53616,"Manufacturer means any person who manufactures, prepares, propagates, compounds, assembles, or processes a device by chemical, physical, biological, or other procedure.",NCI,,1
Logical View.Data Model.Logical Model.gov.nih.nci.ivi.dsd.ContainerInfo,cpuManufacturer,the manufacturer of the Central Processing Unit,Central Processing Unit,Central Processing Unit,PropertyQualifier1,C50332,"The part of a computer which controls all the other parts. Designs vary widely but, in general, the CPU consists of the control unit, the arithmetic and logic unit (ALU) and memory (registers, cache, RAM and ROM) as well as various temporary buffers and other logic.",NCI,,1
Logical View.Data Model.Logical Model.gov.nih.nci.ivi.dsd.ContainerInfo,cpuMaxSSELevel,the version of the streaming SIMD extensions supported by the Central Processing Unit,Version,Version,Property,C25714,"A form or variant of a type or original; one of a sequence of copies of a program, each incorporating new modifications.",NCI,,1
Logical View.Data Model.Logical Model.gov.nih.nci.ivi.dsd.ContainerInfo,cpuMaxSSELevel,the version of the streaming SIMD extensions supported by the Central Processing Unit,Streaming SIMD Extensions,Streaming SIMD Extensions,PropertyQualifier1,C64195,A central controller which broadcasts an instruction stream to all the processing elements.,NCI,,1
Logical View.Data Model.Logical Model.gov.nih.nci.ivi.dsd.ContainerInfo,cpuMaxSSELevel,the version of the streaming SIMD extensions supported by the Central Processing Unit,Central Processing Unit,Central Processing Unit,PropertyQualifier2,C50332,"The part of a computer which controls all the other parts. Designs vary widely but, in general, the CPU consists of the control unit, the arithmetic and logic unit (ALU) and memory (registers, cache, RAM and ROM) as well as various temporary buffers and other logic.",NCI,,1
Logical View.Data Model.Logical Model.gov.nih.nci.ivi.dsd.ContainerInfo,cpuModel,"the model of the Central Processing Unit (family, model, stepping, etc)",Model,Model,Property,C43383,A style or design of an item.,NCI,,1
Logical View.Data Model.Logical Model.gov.nih.nci.ivi.dsd.ContainerInfo,cpuModel,"the model of the Central Processing Unit (family, model, stepping, etc)",Central Processing Unit,Central Processing Unit,PropertyQualifier1,C50332,"The part of a computer which controls all the other parts. Designs vary widely but, in general, the CPU consists of the control unit, the arithmetic and logic unit (ALU) and memory (registers, cache, RAM and ROM) as well as various temporary buffers and other logic.",NCI,,1
Logical View.Data Model.Logical Model.gov.nih.nci.ivi.dsd.ContainerInfo,diskFreeSpaceInMB,the amount of free space on disk in MegaBytes,Space,Space,Property,C63629,An empty area; an area set apart or available for use.,NCI,,1
Logical View.Data Model.Logical Model.gov.nih.nci.ivi.dsd.ContainerInfo,diskFreeSpaceInMB,the amount of free space on disk in MegaBytes,Empty,Empty,PropertyQualifier1,C63628,Holding or containing nothing.,NCI,,1
Logical View.Data Model.Logical Model.gov.nih.nci.ivi.dsd.ContainerInfo,diskFreeSpaceInMB,the amount of free space on disk in MegaBytes,Byte,Byte,PropertyQualifier2,C48047,A sequence of 8 bits processed as a single unit of information.,NCI,,1
Logical View.Data Model.Logical Model.gov.nih.nci.ivi.dsd.ContainerInfo,diskFreeSpaceInMB,the amount of free space on disk in MegaBytes,Mega,Mega,PropertyQualifier3,C54653,"A prefix indicating a quantity of one million, 10E6.",NCI,,1
Logical View.Data Model.Logical Model.gov.nih.nci.ivi.dsd.ContainerInfo,diskFreeSpaceInMB,the amount of free space on disk in MegaBytes,Persistent Memory Device,Persistent Memory Device,PropertyQualifier4,C64579,Any memory device that retains its stored data when the power is switched off.,NCI,,1
Logical View.Data Model.Logical Model.gov.nih.nci.ivi.dsd.ContainerInfo,gpuClockRateInMHz,Graphics Processing Unit clock rate in MegaHertz,Clock Speed,Clock Speed,Property,C63627,The fundamental rate in cycles per second at which a computer performs its most basic operations such as adding two numbers or transfering a value from one register to another.,NCI,,1
Logical View.Data Model.Logical Model.gov.nih.nci.ivi.dsd.ContainerInfo,gpuClockRateInMHz,Graphics Processing Unit clock rate in MegaHertz,Hertz,Hertz,PropertyQualifier1,C42545,The SI derived unit of frequency; equal to one oscillation per second.,NCI,,1
Logical View.Data Model.Logical Model.gov.nih.nci.ivi.dsd.ContainerInfo,gpuClockRateInMHz,Graphics Processing Unit clock rate in MegaHertz,Mega,Mega,PropertyQualifier2,C54653,"A prefix indicating a quantity of one million, 10E6.",NCI,,1
Logical View.Data Model.Logical Model.gov.nih.nci.ivi.dsd.ContainerInfo,gpuClockRateInMHz,Graphics Processing Unit clock rate in MegaHertz,Graphics Processing Unit,Graphics Processing Unit,PropertyQualifier3,C64196,A microprocessor specifically designed for processing 3D graphics data.,NCI,,1
Logical View.Data Model.Logical Model.gov.nih.nci.ivi.dsd.ContainerInfo,gpuCount,The number of Graphics Processing Units in system,Count,Count,Property,C25463,To determine the number or amount of something; the result of this activity.,NCI,,1
Logical View.Data Model.Logical Model.gov.nih.nci.ivi.dsd.ContainerInfo,gpuCount,The number of Graphics Processing Units in system,Graphics Processing Unit,Graphics Processing Unit,PropertyQualifier1,C64196,A microprocessor specifically designed for processing 3D graphics data.,NCI,,1
Logical View.Data Model.Logical Model.gov.nih.nci.ivi.dsd.ContainerInfo,gpuInterconnectType,"the type of bus used by the Graphics Processing Unit, for e.g. AGP, PCI, PCI-e",Type,Type,Property,C25284,Something distinguishable as an identifiable class based on common qualities.,NCI,,1
Logical View.Data Model.Logical Model.gov.nih.nci.ivi.dsd.ContainerInfo,gpuInterconnectType,"the type of bus used by the Graphics Processing Unit, for e.g. AGP, PCI, PCI-e",Bus,Bus,PropertyQualifier1,C63633,"Any of the sets of conductors (wires, PCB tracks or connections in an integrated circuit) connecting the various functional units in a computer.",NCI,,1
Logical View.Data Model.Logical Model.gov.nih.nci.ivi.dsd.ContainerInfo,gpuInterconnectType,"the type of bus used by the Graphics Processing Unit, for e.g. AGP, PCI, PCI-e",Graphics Processing Unit,Graphics Processing Unit,PropertyQualifier2,C64196,A microprocessor specifically designed for processing 3D graphics data.,NCI,,1
Logical View.Data Model.Logical Model.gov.nih.nci.ivi.dsd.ContainerInfo,gpuManufacturer,the manufacturer of the Graphics Processing Unit,Manufacturer,Manufacturer,Property,C53616,"Manufacturer means any person who manufactures, prepares, propagates, compounds, assembles, or processes a device by chemical, physical, biological, or other procedure.",NCI,,1
Logical View.Data Model.Logical Model.gov.nih.nci.ivi.dsd.ContainerInfo,gpuManufacturer,the manufacturer of the Graphics Processing Unit,Graphics Processing Unit,Graphics Processing Unit,PropertyQualifier1,C64196,A microprocessor specifically designed for processing 3D graphics data.,NCI,,1
Logical View.Data Model.Logical Model.gov.nih.nci.ivi.dsd.ContainerInfo,gpuMemorySizeInMB,the size of the Graphics Processing Unit memory in MegaBytes,Size,Size,Property,C25681,The physical magnitude of something.,NCI,,1
Logical View.Data Model.Logical Model.gov.nih.nci.ivi.dsd.ContainerInfo,gpuMemorySizeInMB,the size of the Graphics Processing Unit memory in MegaBytes,Memory Device Component,Memory Device Component,PropertyQualifier1,C50047,Any device that can hold data in machine-readable format.,NCI,,1
Logical View.Data Model.Logical Model.gov.nih.nci.ivi.dsd.ContainerInfo,gpuMemorySizeInMB,the size of the Graphics Processing Unit memory in MegaBytes,Byte,Byte,PropertyQualifier2,C48047,A sequence of 8 bits processed as a single unit of information.,NCI,,1
Logical View.Data Model.Logical Model.gov.nih.nci.ivi.dsd.ContainerInfo,gpuMemorySizeInMB,the size of the Graphics Processing Unit memory in MegaBytes,Mega,Mega,PropertyQualifier3,C54653,"A prefix indicating a quantity of one million, 10E6.",NCI,,1
Logical View.Data Model.Logical Model.gov.nih.nci.ivi.dsd.ContainerInfo,gpuMemorySizeInMB,the size of the Graphics Processing Unit memory in MegaBytes,Graphics Processing Unit,Graphics Processing Unit,PropertyQualifier4,C64196,A microprocessor specifically designed for processing 3D graphics data.,NCI,,1
Logical View.Data Model.Logical Model.gov.nih.nci.ivi.dsd.ContainerInfo,gpuModel,the model name of the Graphics Processing Unit (for e.g. nv40 etc),Model,Model,Property,C43383,A style or design of an item.,NCI,,1
Logical View.Data Model.Logical Model.gov.nih.nci.ivi.dsd.ContainerInfo,gpuModel,the model name of the Graphics Processing Unit (for e.g. nv40 etc),Graphics Processing Unit,Graphics Processing Unit,PropertyQualifier1,C64196,A microprocessor specifically designed for processing 3D graphics data.,NCI,,1
Logical View.Data Model.Logical Model.gov.nih.nci.ivi.dsd.ContainerInfo,id,"One or more characters used to identify, name, or characterize the nature, properties, or contents of a thing.",Identifier,Identifier,Property,C25364,"One or more characters used to identify, name, or characterize the nature, properties, or contents of a thing.",NCI,,1
Logical View.Data Model.Logical Model.gov.nih.nci.ivi.dsd.ContainerInfo,kernelVersion,the version of the operating system kernel,Version,Version,Property,C25714,"A form or variant of a type or original; one of a sequence of copies of a program, each incorporating new modifications.",NCI,,1
Logical View.Data Model.Logical Model.gov.nih.nci.ivi.dsd.ContainerInfo,kernelVersion,the version of the operating system kernel,Kernel,Kernel,PropertyQualifier1,C63630,"The central module of an operating systems, responsible for memory management, disk management, and process and task management.",NCI,,1
Logical View.Data Model.Logical Model.gov.nih.nci.ivi.dsd.ContainerInfo,memorySizeInMB,the amount of physical system memory,Size,Size,Property,C25681,The physical magnitude of something.,NCI,,1
Logical View.Data Model.Logical Model.gov.nih.nci.ivi.dsd.ContainerInfo,memorySizeInMB,the amount of physical system memory,Byte,Byte,PropertyQualifier1,C48047,A sequence of 8 bits processed as a single unit of information.,NCI,,1
Logical View.Data Model.Logical Model.gov.nih.nci.ivi.dsd.ContainerInfo,memorySizeInMB,the amount of physical system memory,Mega,Mega,PropertyQualifier2,C54653,"A prefix indicating a quantity of one million, 10E6.",NCI,,1
Logical View.Data Model.Logical Model.gov.nih.nci.ivi.dsd.ContainerInfo,memorySizeInMB,the amount of physical system memory,Memory Device Component,Memory Device Component,PropertyQualifier3,C50047,Any device that can hold data in machine-readable format.,NCI,,1
Logical View.Data Model.Logical Model.gov.nih.nci.ivi.dsd.ContainerInfo,osBit,"the number of bits in the Operating System, for e.g. 32bit, 64bit",Number,Number,Property,C25337,"A numeral or string of numerals expressing value, quantity, or identification.",NCI,,1
Logical View.Data Model.Logical Model.gov.nih.nci.ivi.dsd.ContainerInfo,osBit,"the number of bits in the Operating System, for e.g. 32bit, 64bit",Bit,Bit,PropertyQualifier1,C63625,"A binary digit, the smallest unit of storage.",NCI,,1
Logical View.Data Model.Logical Model.gov.nih.nci.ivi.dsd.ContainerInfo,osBit,"the number of bits in the Operating System, for e.g. 32bit, 64bit",Operating System,Operating System,PropertyQualifier2,C47908,"The low-level software which handles the interface to peripheral hardware, schedules tasks, allocates storage, and presents a default interface to the user when no application program is running.",NCI,,1
Logical View.Data Model.Logical Model.gov.nih.nci.ivi.dsd.ContainerInfo,osFamily,"the family of the Operating System (windows, darwin, linux, etc)",Type,Type,Property,C25284,Something distinguishable as an identifiable class based on common qualities.,NCI,,1
Logical View.Data Model.Logical Model.gov.nih.nci.ivi.dsd.ContainerInfo,osFamily,"the family of the Operating System (windows, darwin, linux, etc)",Operating System,Operating System,PropertyQualifier1,C47908,"The low-level software which handles the interface to peripheral hardware, schedules tasks, allocates storage, and presents a default interface to the user when no application program is running.",NCI,,1
Logical View.Data Model.Logical Model.gov.nih.nci.ivi.dsd.ContainerInfo,osManufacturer,"the manufacturer of the Operating System (microsoft, redhat, etc)",Manufacturer,Manufacturer,Property,C25392,"A person, an enterprise, or an entity that produces finished goods.",NCI,,1
Logical View.Data Model.Logical Model.gov.nih.nci.ivi.dsd.ContainerInfo,osManufacturer,"the manufacturer of the Operating System (microsoft, redhat, etc)",Operating System,Operating System,PropertyQualifier1,C47908,"The low-level software which handles the interface to peripheral hardware, schedules tasks, allocates storage, and presents a default interface to the user when no application program is running.",NCI,,1
Logical View.Data Model.Logical Model.gov.nih.nci.ivi.dsd.ContainerInfo,osVersion,the version ofthe operating system,Version,Version,Property,C25714,"A form or variant of a type or original; one of a sequence of copies of a program, each incorporating new modifications.",NCI,,1
Logical View.Data Model.Logical Model.gov.nih.nci.ivi.dsd.ContainerInfo,osVersion,the version ofthe operating system,Operating System,Operating System,PropertyQualifier1,C47908,"The low-level software which handles the interface to peripheral hardware, schedules tasks, allocates storage, and presents a default interface to the user when no application program is running.",NCI,,1
Logical View.Data Model.Logical Model.gov.nih.nci.ivi.dsd.ContainerInfo,secureFlag,whether the container is secure or not,Flag,Flag,Property,C43578,An indicator that can be set or unset in order to signal whether a particular condition is true.,NCI,,1
Logical View.Data Model.Logical Model.gov.nih.nci.ivi.dsd.ContainerInfo,secureFlag,whether the container is secure or not,Security,Security,PropertyQualifier1,C25669,"Services provided to prevent, deter, detect and/or document crime, fire, disorder or violations of company rules.",NCI,,1
Logical View.Data Model.Logical Model.gov.nih.nci.ivi.dsd.ContainerInfo,type,"the type of the container - globus, apache, etc",Type,Type,Property,C25284,Something distinguishable as an identifiable class based on common qualities.,NCI,,1
Logical View.Data Model.Logical Model.gov.nih.nci.ivi.dsd.ContainerInfo,version,the version of the container,Version,Version,Property,C25714,"A form or variant of a type or original; one of a sequence of copies of a program, each incorporating new modifications.",NCI,,1
Logical View.Data Model.Logical Model.gov.nih.nci.ivi.dsd.URL,Logical View.Data Model.Logical Model.gov.nih.nci.ivi.dsd.URL,Represents a URL for a service,Uniform Resource Locator,Uniform Resource Locator,ObjectClass,C42743,"The global address of documents and other resources on the World Wide Web. The first part of the address indicates what protocol to use, and the second part specifies the IP address or the domain name where the resource is located.",NCI,,1
Logical View.Data Model.Logical Model.gov.nih.nci.ivi.dsd.URL,id,"One or more characters used to identify, name, or characterize the nature, properties, or contents of a thing.",Identifier,Identifier,Property,C25364,"One or more characters used to identify, name, or characterize the nature, properties, or contents of a thing.",NCI,,1
Logical View.Data Model.Logical Model.gov.nih.nci.ivi.dsd.URL,value,the URL content,Value,Value,Property,C49100,"The information contained in a data field; may represent a numeric quantity, a textual characterization, a date or time measurement, or some other state depending on the nature of the attribute.",NCI,,1
Logical View.Data Model.Logical Model.gov.java.lang.Integer,Logical View.Data Model.Logical Model.gov.java.lang.Integer,,Integer,Integer,ObjectClass,C45255,"A number with no fractional part, including the negative and positive numbers as well as zero.",NCI,,0
Logical View.Data Model.Logical Model.gov.java.lang.String,Logical View.Data Model.Logical Model.gov.java.lang.String,,String,String,ObjectClass,C45253,An expression consisting of a linear sequence of symbols (characters or words or phrases).,NCI,,0
Logical View.Data Model.Logical Model.gov.java.lang.Long,Logical View.Data Model.Logical Model.gov.java.lang.Long,,Long,Long,ObjectClass,C25248,Of relatively great or greater than average spatial extension or temporal duration.,NCI,,0
Logical View.Data Model.Logical Model.gov.java.lang.Boolean,Logical View.Data Model.Logical Model.gov.java.lang.Boolean,,Boolean,Boolean,ObjectClass,C45254,"The type of an expression with two possible values, ""true"" and ""false"". Also, a variable of Boolean type or a function with Boolean arguments or result. The most common Boolean functions are AND, OR and NOT.",NCI,,0
Logical View.Data Model.Logical Model.gov.java.lang.Float,Logical View.Data Model.Logical Model.gov.java.lang.Float,,Float,Float,ObjectClass,C48150,A number that can have its decimal point in any position.,NCI,,0
Logical View.Data Model.Logical Model.gov.java.lang.util.Date,Logical View.Data Model.Logical Model.gov.java.lang.util.Date,,Date,Date,ObjectClass,C25164,"The particular day, month and year an event has happened or will happen.",NCI,,0
