<ns1:ClassMappings xmlns:ns1="http://gov.nih.nci.cagrid.data">
 <ns2:mapping className="gov.nih.nci.ncia.domain.ClinicalTrial" qname="{gme://caCORE.caBIG/3.0/gov.nih.nci.ncia.domain}ClinicalTrial" xsi:type="ns2:classToQname" xmlns:ns2="http://gov.nih.nci.cagrid.data/ClassMappings" xmlns:xsi="http://www.w3.org/2001/XMLSchema-instance"/>
 <ns3:mapping className="gov.nih.nci.ncia.domain.Patient" qname="{gme://caCORE.caBIG/3.0/gov.nih.nci.ncia.domain}Patient" xsi:type="ns3:classToQname" xmlns:ns3="http://gov.nih.nci.cagrid.data/ClassMappings" xmlns:xsi="http://www.w3.org/2001/XMLSchema-instance"/>
 <ns4:mapping className="gov.nih.nci.ncia.domain.Study" qname="{gme://caCORE.caBIG/3.0/gov.nih.nci.ncia.domain}Study" xsi:type="ns4:classToQname" xmlns:ns4="http://gov.nih.nci.cagrid.data/ClassMappings" xmlns:xsi="http://www.w3.org/2001/XMLSchema-instance"/>
 <ns5:mapping className="gov.nih.nci.ncia.domain.GeneralSeries" qname="{gme://caCORE.caBIG/3.0/gov.nih.nci.ncia.domain}GeneralSeries" xsi:type="ns5:classToQname" xmlns:ns5="http://gov.nih.nci.cagrid.data/ClassMappings" xmlns:xsi="http://www.w3.org/2001/XMLSchema-instance"/>
 <ns6:mapping className="gov.nih.nci.ncia.domain.GeneralImage" qname="{gme://caCORE.caBIG/3.0/gov.nih.nci.ncia.domain}GeneralImage" xsi:type="ns6:classToQname" xmlns:ns6="http://gov.nih.nci.cagrid.data/ClassMappings" xmlns:xsi="http://www.w3.org/2001/XMLSchema-instance"/>
 <ns7:mapping className="gov.nih.nci.ncia.domain.GeneralEquipment" qname="{gme://caCORE.caBIG/3.0/gov.nih.nci.ncia.domain}GeneralEquipment" xsi:type="ns7:classToQname" xmlns:ns7="http://gov.nih.nci.cagrid.data/ClassMappings" xmlns:xsi="http://www.w3.org/2001/XMLSchema-instance"/>
 <ns8:mapping className="gov.nih.nci.ncia.domain.CTImage" qname="{gme://caCORE.caBIG/3.0/gov.nih.nci.ncia.domain}CTImage" xsi:type="ns8:classToQname" xmlns:ns8="http://gov.nih.nci.cagrid.data/ClassMappings" xmlns:xsi="http://www.w3.org/2001/XMLSchema-instance"/>
 <ns9:mapping className="gov.nih.nci.ncia.domain.TrialDataProvenance" qname="{gme://caCORE.caBIG/3.0/gov.nih.nci.ncia.domain}TrialDataProvenance" xsi:type="ns9:classToQname" xmlns:ns9="http://gov.nih.nci.cagrid.data/ClassMappings" xmlns:xsi="http://www.w3.org/2001/XMLSchema-instance"/>
 <ns10:mapping className="gov.nih.nci.ncia.domain.TrialSite" qname="{gme://caCORE.caBIG/3.0/gov.nih.nci.ncia.domain}TrialSite" xsi:type="ns10:classToQname" xmlns:ns10="http://gov.nih.nci.cagrid.data/ClassMappings" xmlns:xsi="http://www.w3.org/2001/XMLSchema-instance"/>
 <ns11:mapping className="gov.nih.nci.ncia.domain.Annotation" qname="{gme://caCORE.caBIG/3.0/gov.nih.nci.ncia.domain}Annotation" xsi:type="ns11:classToQname" xmlns:ns11="http://gov.nih.nci.cagrid.data/ClassMappings" xmlns:xsi="http://www.w3.org/2001/XMLSchema-instance"/>
 <ns12:mapping className="gov.nih.nci.ncia.domain.CurationData" qname="{gme://caCORE.caBIG/3.0/gov.nih.nci.ncia.domain}CurationData" xsi:type="ns12:classToQname" xmlns:ns12="http://gov.nih.nci.cagrid.data/ClassMappings" xmlns:xsi="http://www.w3.org/2001/XMLSchema-instance"/>
</ns1:ClassMappings>
