<?xml version="1.0" encoding="UTF-8" ?>
<ServiceGroupRegistrationParameters xmlns:sgc="http://mds.globus.org/servicegroup/client"
  xmlns:xsd="http://www.w3.org/2001/XMLSchema" xmlns:xsi="http://www.w3.org/2001/XMLSchema-instance"
  xmlns:wsa="http://schemas.xmlsoap.org/ws/2004/03/addressing"
  xmlns:agg="http://mds.globus.org/aggregator/types"
  xmlns="http://mds.globus.org/servicegroup/client">
  <!-- The ServiceGroupEPR defines the servicegroup to which registrations will be made -->
  <ServiceGroupEPR>
    <wsa:Address>INDEX_SERVICE_URL</wsa:Address>
  </ServiceGroupEPR>
  <!-- Specifies that the registration will be renewed every 10 minutes -->
  <RefreshIntervalSecs>600</RefreshIntervalSecs>
  <Content xsi:type="agg:AggregatorContent" xmlns:agg="http://mds.globus.org/aggregator/types">
    <agg:AggregatorConfig xsi:type="agg:AggregatorConfig">
      <agg:GetMultipleResourcePropertiesPollType
			xmlns:ns0="http://dicomdataservice.ivi.nci.nih.gov/DICOMDataService/Submission"
			xmlns:ns2="http://dicomdataservice.ivi.nci.nih.gov/DICOMDataService/types"
			xmlns:ns7="http://dicomdataservice.ivi.nci.nih.gov/DICOMDataService/CQLResultTypes"
			xmlns:ns14="http://dicomdataservice.ivi.nci.nih.gov/DICOMDataServiceBDT/types"
			xmlns:ns5="http://CQL.caBIG/1/gov.nih.nci.cagrid.CQLQuery"
			xmlns:ns4="gme://caGrid.caBIG/1.0/gov.nih.nci.cagrid.metadata"
			xmlns:ns11="http://schemas.xmlsoap.org/ws/2004/08/addressing"
			xmlns:ns9="http://gov.nih.nci.cagrid.data/DataServiceExceptions"
			xmlns:ns8="gme://caGrid.caBIG/1.0/gov.nih.nci.cagrid.metadata.dataservice"
			xmlns:xs="http://www.w3.org/2001/XMLSchema"
			xmlns:ns15="http://dicomdataservice.ivi.nci.nih.gov/DICOMDataService/Submit/types"
			xmlns:ns1="gme://caCORE.caBIG/3.0/gov.nih.nci.ncia.domain"
			xmlns:ns3="gme://caGrid.caBIG/1.0/gov.nih.nci.cagrid.metadata.security"
			xmlns:ns10="http://schemas.xmlsoap.org/ws/2004/09/enumeration"
			xmlns:ns12="http://cagrid.nci.nih.gov/1/BulkDataTransferMetadata"
			xmlns:ns6="http://CQL.caBIG/1/gov.nih.nci.cagrid.CQLResultSet"
			xmlns:ns13="http://www.globus.org/transfer"
			xmlns:ns16="http://docs.oasis-open.org/wsrf/2004/06/wsrf-WS-ResourceLifetime-1.2-draft-01.xsd">
        <!-- Specifies that the index should refresh information
            every 300000 milliseconds (once every 5 minutes) -->
        <agg:PollIntervalMillis>300000</agg:PollIntervalMillis>
        <!-- specifies all Resource Properties that should be retrieved from the service -->
		<agg:ResourcePropertyNames>ns4:ServiceMetadata</agg:ResourcePropertyNames>
	
		<agg:ResourcePropertyNames>ns12:BulkDataTransferMetadata</agg:ResourcePropertyNames>
	
      </agg:GetMultipleResourcePropertiesPollType>
    </agg:AggregatorConfig>
    <agg:AggregatorData/>
  </Content>
</ServiceGroupRegistrationParameters>
