{
  "targetServiceUrl": "http://ivi02.cci.emory.edu:9090/wsrf/services/cagrid/AIM3DataService",
  "baseUrl": "AIM3DataService",
  "serviceProxyClass" : "edu.emory.cci.aim.client.AIM3DataServiceClient" , 
  "operations": {
    "queryByTransfer": {
      "name": "queryByTransfer",
      "inputArguments": [
        "gov.nih.nci.cagrid.cqlquery.CQLQuery"
      ],
      "url": "retrieve",
      "type": "retrieve"
    },
    "query": {
      "name": "query",
      "inputArguments": [
        "gov.nih.nci.cagrid.cqlquery.CQLQuery"
      ],
      "url": "query",
      "type": "simple"
    },
    "submitByTransfer": {
      "name": "submitByTransfer",
      "inputArguments": [
        
      ],
      "url": "submit",
      "type": "submit"
    }
  },
  "serializers": {
    
  },
  "deserialziers": {
    
  }
}